student_id,registration_date,attendance_pct,internal_1,internal_2,lab_score,prev_sem_percentage,credits_enrolled,study_hours_week,dept,year_of_study,hostel_student,assignment_avg,mock_test_score,club_memberships,final_marks
SJC2601040,2026-05-14,86.7,56.4,62.4,47.0,44.6,21,13 hrs,CSE,Third,TRUE,78.0,59.2,1,75.1
SJC2600407,27/05/2026,82.6,39.4,59.4,74.9,49.8,21,13 hrs,AML,2,False,83.8,52.8,2,65.6
SJC2601710,2026-5-30,68.2,52.4,54.4,54.8,64.1,18,seven,A.M.L,Second,False,76.7,63.8,2,72.6
SJC2600023,May 03 2026,62.6,95.0,80.9,74.6,73.0,20,  11.3 ,cyber,2,0,77.1,79.8,2,81.3
SJC2602371,May 05 2026,59.5,68.1,70.6,87.1,70.6,21,6.9,I.T,III,no,77.6,62.6,0,63.1
SJC2601190,Jun 08 2026,66.7,48.8,48.0,87.5,63.1,22,thirteen,C.S.B.S,Second,No,85.7,63.9,3,72.2
SJC2601299,2026-05-20,57.6,47.2,63.1,72.9,70.5,18,6,I.T,III,No,65.6,66.9,0,41.5
SJC2602480,24/05/2026,93.5,54.1,50.0,77.7,78.9,20,14.3, AML ,Second,No,81.3,48.0,1,75.0
SJC2600170,2026-05-25,51.4,66.7,67.8,49.4,72.6,22,  8.8 ,ADS,2,1,64.9,63.9,3,69.5
SJC2601487,2026-05-08,999.0,75.1,83.3,94.5,79.5,20,  6.3 ,ADS,2,FALSE,78.1,69.5,2,94.4
SJC2600683,2026-06-04,72.4,71.0,77.5,65.1,95.0,22,9.8,I.T,II,False,61.7,73.4,1,74.0
SJC2602264,May 03 2026,81.9,64.7,68.1,89.6,79.2,22,seven, IT ,2nd,yes,60.3,66.1,0,62.1
SJC2602138,Jun 14 2026,100.0,56.4,78.3,100.0,84.1,18,9, IT ,Third,No,74.9,71.8,2,86.0
SJC2602149,19/05/2026,76.1,62.7,56.8,85.8,53.5,20,five,A.D.S,2nd,True,93.8,54.7,2,81.1
SJC2601960,Jun 10 2026,84.3,66.4,76.0,66.6,,21,  13.2 , IT ,2,Yes,89.5,75.0,4,82.2
SJC2600343,May 05 2026,,66.2,38.7,78.0,54.6,24,1.8,C.S.E,3,FALSE,,38.1,0,47.7
SJC2601522,10/05/2026,69.5,57.9,69.0,49.2,64.2,20,4.2,C.S.E,3rd,FALSE,64.6,58.8,3,50.8
SJC2600423,19/05/2026,83.9,80.2,65.1,76.8,71.3,21,14,C.S.B.S,2,1,,60.8,3,87.3
SJC2601922,May 19 2026,59.3,,60.2,59.3,69.7,22,6.0, IT ,2nd,yes,81.2,38.1,2,46.7
SJC2600443,2026-06-10,81.9,49.4,55.5,72.8,71.1,18,  13.8 ,CSBS,3rd,yes,100.0,65.8,0,84.6
SJC2600804,2026-05-30,96.7,54.5,51.8,69.6,,24,10,CSBS,Second,FALSE,78.1,47.4,4,67.5
SJC2600608,2026-05-15,68.4,59.1,55.6,82.0,,22,ten,AML,Second,1,79.1,44.6,0,63.4
SJC2601927,2026-06-07,,66.4,67.4,61.4,98.0,20,  6.6 ,C.S.E,II,0,,73.2,0,82.7
SJC2601624,May 04 2026,79.5,66.1,54.5,64.8,59.6,20,11,CSE,III,yes,69.6,58.7,4,66.5
SJC2600965,May 05 2026,71.9,60.2,60.2,57.1,,20,twelve,AML,II,N,89.3,53.0,2,75.1
SJC2600966,Jun 15 2026,59.8,53.6,63.7,64.6,58.3,21,8 hrs,CYBER,2nd,TRUE,72.8,52.8,0,53.5
SJC2601756,18/05/2026,94.0,60.8,54.3,67.5,,20,17,C.S.B.S,2nd,No,59.1,54.7,2,68.8
SJC2600377,2026-05-11,89.3,73.9,80.0,86.7,63.2,24,fourteen,ads,Third,0,92.2,,4,91.1
SJC2601997,26/05/2026,100.0,49.0,57.5,58.5,63.4,18,six,aml,II,No,,53.8,2,43.0
SJC2600673,07/05/2026,93.1,65.0,56.9,71.4,68.6,20,8.4, Cyber ,2,Y,,53.3,2,57.0
SJC2601453,May 25 2026,80.1,55.0,56.5,9999.0,,20,  13.5 , ADS ,II,FALSE,56.7,51.8,1,61.9
SJC2602390,2026-05-03,69.7,80.0,72.1,81.4,80.3,20,13.3,C.S.E,Second,N,,72.4,3,100.0
SJC2601967,31/05/2026,69.1,70.7,53.5,63.2,67.6,21,10.2, CSBS ,2,False,81.9,74.2,1,64.8
SJC2601524,02/06/2026,63.9,71.2,50.6,79.4,73.1,21,9,cyber,2nd,0,74.3,54.6,2,44.0
SJC2600412,May 06 2026,70.2,39.5,48.2,80.2,73.5,20,fourteen,I.T,2,yes,82.0,61.4,4,70.3
SJC2601427,Jun 02 2026,71.1,65.6,90.6,69.8,95.7,21,11 hrs,ADS,Second,1,76.7,61.2,0,69.4
SJC2600084,2026-05-10,62.6,60.5,999.0,70.3,42.0,22,fifteen,CYBER,Second,no,76.0,43.3,3,64.6
SJC2601485,06/05/2026,58.9,58.0,54.3,72.9,67.2,18,8,cyber,3,FALSE,82.1,66.5,1,63.6
SJC2602038,27/05/2026,77.4,59.3,65.6,73.2,67.5,20,9 hrs,ADS,2,no,80.9,63.0,1,73.2
SJC2600060,2026-06-13,77.3,,35.3,100.0,72.8,21,4 hrs,aml,2nd,no,92.8,58.6,4,39.0
SJC2600332,2026-05-02,81.0,70.7,66.8,60.5,58.9,21,8,cyber,3rd,FALSE,62.9,50.5,2,64.1
SJC2600441,2026-05-27,53.6,55.9,64.5,55.0,70.7,20,10, CSE ,Second,TRUE,,48.8,1,47.1
SJC2601517,May 26 2026,69.6,,74.0,80.5,62.5,21,8.1,Cyber,2nd,No,83.3,50.9,0,69.5
SJC2601556,May 21 2026,81.5,55.1,999.0,79.0,61.9,20,seven,A.D.S,II,FALSE,,43.6,4,52.9
SJC2601523,14/06/2026,,,60.1,55.4,,20,11 hrs, ADS ,2nd,no,58.2,63.0,0,56.9
SJC2600896,2026-05-12,74.7,80.4,-1.0,77.3,91.9,21,four,csbs,II,N,68.9,77.7,1,90.1
SJC2600274,May 14 2026,60.9,54.7,44.6,50.1,51.0,22,  9.6 ,csbs,2,Y,,41.9,2,49.2
SJC2600126,11/05/2026,999.0,73.4,65.6,70.3,,21,nine, CSE ,Second,No,76.3,74.0,1,75.1
SJC2601493,May 25 2026,82.1,69.9,73.3,72.8,73.3,18,fourteen,AML,2nd,TRUE,97.8,58.4,0,77.0
SJC2602044,04/05/2026,60.5,64.0,68.5,32.7,73.1,22,16,Cyber,2nd,Yes,81.5,,1,76.9
SJC2602103,29/05/2026,71.3,50.4,62.9,86.2,72.9,21,4 hrs,C.S.E,III,FALSE,56.5,68.7,2,49.7
SJC2600814,2026-05-30,82.7,47.1,60.5,44.8,80.4,20,7,A.D.S,3rd,FALSE,67.0,69.4,2,33.3
SJC2600314,2026-05-16,73.9,,52.2,55.8,65.1,20,8.0,csbs,Second,False,61.2,48.3,3,56.2
SJC2602046,13/06/2026,71.1,47.9,55.4,65.9,55.6,24,thirteen, CSE ,II,TRUE,53.7,,0,60.7
SJC2601999,09/06/2026,71.0,74.9,88.1,61.1,95.7,24,4 hrs, CSBS ,2nd,Yes,74.7,55.8,4,62.1
SJC2601939,07/05/2026,74.9,56.7,52.4,62.8,59.8,22,13 hrs, Cyber ,2nd,0,,,4,54.7
SJC2601826,May 03 2026,,68.6,-1.0,84.8,76.7,22,4 hrs, CSE ,Second,0,46.9,59.3,0,74.8
SJC2601953,May 24 2026,72.2,41.9,50.5,-30.0,,22,  8.7 ,ADS,II,0,83.9,56.9,4,52.2
SJC2601729,05/06/2026,65.6,60.2,66.8,81.5,56.1,20,five,it,Second,N,84.1,66.6,2,65.8
SJC2601430,05/06/2026,,55.8,65.5,74.9,74.0,21,12 hrs, IT ,2,True,65.4,49.0,3,64.6
SJC2602435,2026-05-17,80.0,26.3,30.2,73.9,48.0,22,7.7, AML ,Second,N,82.7,39.6,2,36.8
SJC2601994,Jun 05 2026,90.0,,65.4,-30.0,65.2,20,seven,ads,III,No,79.5,47.0,4,55.4
SJC2600033,2026-06-14,,,73.8,77.6,,24,1 hrs, ADS ,II,0,64.8,67.8,3,67.4
SJC2601221,2026-05-18,80.0,64.0,62.9,74.5,70.4,21,  10.6 ,ads,III,Y,90.7,56.0,1,87.1
SJC2600935,14/06/2026,90.5,65.2,74.0,75.9,66.1,18,  7.6 ,C.S.E,2nd,TRUE,74.5,69.5,4,83.1
SJC2601860,25/05/2026,,60.6,46.5,65.3,77.6,20,12.3, CSBS ,Second,FALSE,68.5,61.0,2,76.7
SJC2600654,May 20 2026,,83.6,69.1,76.1,60.6,24,  11.6 ,A.D.S,III,0,50.5,70.4,0,73.6
SJC2600321,11/06/2026,,,73.8,66.7,78.1,20,  11.0 ,cyber,2nd,True,86.6,59.9,3,76.3
SJC2602037,11/06/2026,65.7,82.3,62.8,71.3,75.5,18,eight,CSE,3,Yes,65.3,65.8,3,51.2
SJC2600007,2026-06-14,64.3,40.2,50.5,62.0,61.3,20,  11.5 , CSE ,2,False,68.7,54.9,0,39.5
SJC2601137,May 03 2026,69.2,72.7,72.6,76.3,78.2,20,8 hrs,ads,2,False,61.2,65.7,3,86.7
SJC2600180,2026-05-23,97.3,49.4,42.1,61.8,,20,11.3,C.S.E,2,True,82.6,57.1,0,55.2
SJC2601066,21/05/2026,77.1,51.4,73.5,74.0,70.2,21,six,CYBER,III,No,80.0,59.2,0,55.1
SJC2600568,31/05/2026,69.2,47.3,53.8,67.7,,22,2.2,Cyber,III,1,60.3,58.3,4,31.3
SJC2601818,2026-06-10,54.3,71.0,69.0,63.6,89.6,21,13 hrs,C.S.B.S,3rd,yes,67.0,58.4,1,62.3
SJC2602316,May 22 2026,83.2,55.2,68.5,92.6,64.0,21,6 hrs,CSBS,II,no,83.7,,0,61.7
SJC2602016,2026-05-24,77.5,55.7,44.9,89.3,72.9,21,10.7,cyber,2nd,True,65.7,55.2,3,59.1
SJC2601364,Jun 08 2026,76.7,79.1,73.0,62.6,72.7,21,3,A.M.L,Second,True,84.9,79.8,1,74.1
SJC2600099,2026-05-24,80.4,73.0,68.4,85.0,67.4,21,  11.4 ,CSE,2nd,FALSE,70.6,76.0,2,95.0
SJC2600437,2026-05-07,89.3,44.1,56.7,76.1,39.9,22,11,C.S.B.S,III,Y,,64.8,3,66.9
SJC2600995,26/05/2026,,40.8,66.6,83.2,54.1,20,  14.2 ,I.T,2nd,TRUE,69.0,52.6,1,66.5
SJC2601443,2026-06-11,73.8,,45.4,53.9,72.8,18,11.6,C.S.E,2nd,Y,52.2,66.5,4,54.1
SJC2600735,2026-05-12,77.9,82.8,67.7,82.3,,21,0,CSBS,II,1,70.0,66.7,1,63.9
SJC2600019,13/06/2026,100.0,60.9,46.5,67.1,66.2,21,1 hrs,A.D.S,II,N,100.0,32.9,4,57.5
SJC2600857,2026-06-13,81.0,,55.3,58.3,71.0,20,  8.7 ,CYBER,Second,N,58.4,48.4,4,64.6
SJC2600889,May 29 2026,84.6,66.0,47.3,69.0,46.0,18,two, AML ,2,TRUE,79.7,51.2,1,53.7
SJC2601380,2026-05-05,69.4,,46.2,91.8,64.5,18,16,cyber,2nd,1,55.5,56.5,3,82.4
SJC2601896,May 07 2026,80.4,73.8,78.7,74.8,65.7,20,7 hrs,I.T,2nd,no,70.6,,1,68.3
SJC2601951,2026-05-09,77.3,67.3,30.7,72.0,,21,fourteen,cyber,2,Yes,85.2,61.5,4,64.6
SJC2601041,2026-06-08,,59.1,56.4,76.5,63.9,21,  11.4 , Cyber ,2,No,89.6,,2,78.7
SJC2600453,Jun 04 2026,57.0,53.2,58.7,73.0,65.0,24,nine,CSE,2nd,0,81.0,74.6,4,71.9
SJC2600938,May 04 2026,67.8,56.5,47.7,70.3,58.5,20,ten,C.S.B.S,2nd,False,58.2,54.6,4,70.9
SJC2600736,May 02 2026,80.8,28.4,999.0,58.8,65.7,18,13 hrs, ADS ,2nd,yes,74.5,,0,61.6
SJC2601695,2026-05-15,80.2,61.0,74.5,94.7,70.5,21,11,CSBS,III,True,87.3,66.2,2,79.6
SJC2600991,May 21 2026,75.0,59.3,63.3,48.0,73.4,21,fourteen,IT,II,Y,92.6,56.7,0,79.0
SJC2600929,2026-05-18,72.0,59.3,55.0,72.0,63.1,24,4 hrs,C.S.E,2nd,yes,80.7,39.4,3,53.2
SJC2602142,May 16 2026,100.0,46.9,53.1,80.8,,20,11.0,CSE,2nd,Y,72.5,47.6,1,74.4
SJC2600892,2026-06-11,94.5,42.7,53.7,69.8,70.7,21,eleven,A.D.S,III,False,71.1,55.8,2,53.5
SJC2601741,May 20 2026,85.4,67.6,61.6,85.5,75.7,24,eight,AML,2nd,0,71.9,60.3,0,88.6
SJC2600193,May 29 2026,87.8,,70.0,79.8,76.3,18,8.7,cyber,II,no,,86.8,3,80.7
SJC2602271,18/05/2026,55.7,55.5,73.5,74.8,68.9,20,12,IT,Second,FALSE,79.9,62.4,0,70.0
SJC2601658,Jun 03 2026,79.1,44.8,37.7,61.5,45.7,22,eight,CSBS,Third,0,79.7,,4,43.7
SJC2601707,31/05/2026,92.2,,55.7,71.1,57.8,20,11, CSE ,3,False,82.7,42.5,0,64.4
SJC2601582,2026-05-13,95.4,65.4,48.2,72.6,42.7,20,9.0,C.S.B.S,3,TRUE,92.3,53.8,4,68.6
SJC2601174,27/05/2026,73.1,61.6,45.5,71.0,61.0,21,  5.7 ,C.S.B.S,3rd,Yes,73.0,69.3,1,52.2
SJC2601147,May 29 2026,95.1,69.4,999.0,67.8,70.6,22,  1.2 , ADS ,Second,1,89.9,55.6,3,44.3
SJC2600241,Jun 05 2026,,41.2,40.3,74.3,55.7,21,11.2,A.M.L,Second,0,71.8,37.6,0,71.8
SJC2601978,05/05/2026,53.6,67.1,-1.0,45.5,67.8,22,9,AML,II,N,89.4,52.4,4,63.3
SJC2602196,06/05/2026,85.4,53.9,65.7,62.5,68.8,20,13.4,ads,2,True,91.7,60.1,4,76.6
SJC2600686,Jun 09 2026,89.6,46.8,46.9,71.9,54.5,21,nine,I.T,2,0,49.9,48.2,3,47.8
SJC2601047,Jun 06 2026,77.7,79.0,100.0,81.1,83.0,20,  12.9 ,CYBER,Third,No,,79.4,2,83.9
SJC2600277,Jun 03 2026,81.8,,54.7,81.5,73.3,20,8,cse,Second,No,51.0,45.0,4,61.9
SJC2600498,2026-05-13,68.5,,70.4,63.4,79.4,21,8 hrs, CSBS ,2,yes,67.6,64.5,0,76.5
SJC2601790,May 18 2026,73.5,48.1,49.3,82.9,55.6,20,9 hrs, CSBS ,III,yes,67.2,40.4,1,57.8
SJC2600266,Jun 03 2026,,75.2,67.8,-30.0,72.5,18,nine,ADS,2,FALSE,73.3,71.9,4,72.2
SJC2602137,22/05/2026,999.0,66.7,67.4,74.9,,18,10,it,2,TRUE,80.1,58.4,3,82.4
SJC2601311,2026-05-27,999.0,,70.7,49.6,73.6,18,  6.1 ,ads,II,FALSE,70.2,70.7,0,63.8
SJC2600944,2026-05-03,,65.6,62.0,69.3,66.4,20,  9.9 , IT ,2nd,False,58.5,66.7,4,79.0
SJC2600091,2026-05-07,81.6,46.1,53.3,81.4,71.7,21,16 hrs,aml,III,No,67.7,68.1,3,85.3
SJC2601941,Jun 02 2026,57.1,43.4,42.6,77.3,54.0,20,4 hrs,CSBS,2nd,yes,63.9,,2,57.4
SJC2601540,May 08 2026,74.0,89.4,82.5,56.9,85.0,21,6.8,aml,2nd,N,63.3,87.8,1,81.6
SJC2601521,02/06/2026,,23.9,32.2,81.4,55.5,24,17.6,IT,II,True,78.4,33.9,2,59.3
SJC2601911,2026-05-21,77.3,58.3,55.2,88.0,59.7,20,4.2, CSE ,II,1,70.9,68.4,3,61.2
SJC2600396,17/05/2026,64.5,,56.1,81.9,68.7,20,8 hrs,cyber,II,N,88.1,48.0,3,52.1
SJC2601224,2026-05-05,79.3,37.7,70.5,70.2,61.3,21,10,IT,III,Yes,74.5,49.7,1,45.2
SJC2600282,2026-05-09,77.1,62.1,77.4,75.1,78.8,18,8.8,I.T,3,Yes,86.5,69.9,1,88.9
SJC2602187,11/05/2026,80.0,,66.4,89.3,65.9,22,  7.9 ,CYBER,2nd,1,67.0,49.6,3,71.4
SJC2601148,Jun 13 2026,82.4,61.6,75.2,60.8,82.3,20,thirteen,IT,II,FALSE,75.5,56.4,3,68.4
SJC2600607,03/06/2026,100.0,76.8,68.7,76.1,77.1,20,16, ADS ,2,Y,80.9,46.3,1,79.7
SJC2601581,05/05/2026,,62.6,48.1,81.9,74.6,22,16.8,IT,2nd,no,52.0,58.3,3,67.4
SJC2600746,2026-05-07,74.1,70.1,78.8,60.7,81.2,21,  8.7 ,ads,Second,TRUE,80.8,68.8,3,80.4
SJC2601788,2026-05-06,78.5,71.6,77.6,72.5,93.8,22,8,A.M.L,2nd,No,,73.9,0,86.9
SJC2600270,2026-05-10,60.9,45.4,46.5,56.6,58.3,18,three, Cyber ,2nd,no,70.1,49.9,2,28.5
SJC2601344,2026-05-13,87.9,46.5,44.9,62.8,59.3,21,7 hrs, CSBS ,2,Yes,98.4,,1,57.6
SJC2602313,2026-05-31,79.5,85.7,63.3,64.0,65.1,22,8.5, AML ,2nd,no,82.0,69.8,0,66.4
SJC2601696,Jun 09 2026,73.0,40.1,49.0,55.7,46.8,22,seven,ads,II,no,75.9,38.7,2,57.7
SJC2601851,2026-06-12,74.9,59.0,46.7,69.8,,21,6.5,A.D.S,2,N,68.5,48.5,3,52.5
SJC2601181,08/06/2026,100.0,41.2,37.6,79.3,,18,12,A.D.S,3,FALSE,91.2,30.1,0,63.1
SJC2601355,Jun 04 2026,100.0,60.6,59.8,80.0,67.5,20,4 hrs,AML,2,no,61.6,56.0,2,71.0
SJC2602069,2026-05-26,71.2,39.7,77.7,55.2,64.8,21,10 hrs,cse,2nd,no,74.4,61.7,2,43.2
SJC2600876,2026-05-24,81.5,71.0,83.0,67.9,71.4,20,10 hrs,cse,2nd,yes,66.6,,0,74.6
SJC2601958,2026-05-19,78.2,64.7,47.1,74.4,70.2,18,10.0,cyber,2nd,N,,55.2,0,47.7
SJC2600773,May 19 2026,,67.4,66.5,81.9,82.0,21,8 hrs,IT,III,Yes,50.4,68.2,2,90.5
SJC2600927,16/05/2026,90.3,45.5,50.3,-30.0,59.7,22,  10.7 ,CYBER,Second,Y,81.8,68.1,1,85.3
SJC2601644,May 04 2026,66.0,53.5,77.7,70.3,59.0,22,4 hrs,csbs,II,No,74.6,69.6,0,73.9
SJC2602310,Jun 13 2026,75.5,42.2,51.4,79.8,69.2,20,4,I.T,II,N,,52.3,0,42.9
SJC2601140,2026-05-20,90.0,100.0,66.2,71.0,84.1,24,  8.3 ,CSBS,2,N,,,2,59.0
SJC2600684,May 05 2026,96.9,51.8,57.4,82.2,83.3,21,  8.1 ,ads,2nd,No,52.3,54.1,1,59.2
SJC2602496,2026-05-31,86.6,47.0,70.7,68.3,68.3,18,8 hrs,C.S.B.S,Third,0,69.8,56.7,1,64.7
SJC2601929,May 13 2026,100.0,67.1,55.3,67.3,70.5,22,10 hrs,ADS,Third,True,54.8,53.9,1,64.4
SJC2601814,2026-06-09,67.0,62.5,59.9,66.4,,22,7.8,C.S.E,2nd,False,100.0,66.9,0,64.5
SJC2601721,May 30 2026,91.6,81.9,70.9,89.3,66.0,21,2, Cyber ,II,TRUE,96.5,68.9,1,84.1
SJC2600134,27/05/2026,91.7,84.4,84.7,83.7,95.0,18,  10.6 ,cyber,II,N,80.1,85.3,4,100.0
SJC2600875,May 24 2026,79.1,,85.1,66.9,90.7,20,15.0,Cyber,Third,no,63.2,65.8,3,88.1
SJC2600109,May 31 2026,72.8,68.6,57.1,68.0,69.8,21,  4.7 ,CSE,2nd,FALSE,75.0,69.6,2,55.6
SJC2600589,16/05/2026,89.0,39.4,39.2,80.7,52.2,20,5,CYBER,II,Y,49.8,65.0,2,59.6
SJC2600463,08/06/2026,,43.1,48.7,67.3,48.3,21,19.6, AML ,II,TRUE,52.9,60.9,0,77.9
SJC2601368,May 31 2026,75.1,55.7,45.4,83.1,62.3,22,eight,ADS,3rd,TRUE,85.2,57.0,2,51.4
SJC2601820,2026-06-10,76.5,41.7,51.1,87.6,,22,eight,it,3,Yes,72.0,60.0,0,55.6
SJC2601797,30/05/2026,87.0,46.6,60.1,80.8,69.7,22,6,ads,3,Yes,69.8,54.8,2,50.7
SJC2601271,11/05/2026,90.4,56.3,40.7,59.4,56.6,21,  1.0 ,aml,III,Yes,93.4,46.6,3,60.8
SJC2601179,17/05/2026,96.3,64.6,-1.0,76.3,78.6,20,  6.8 ,C.S.E,2nd,N,95.8,78.1,0,100.0
SJC2601781,May 04 2026,84.3,33.8,23.3,81.1,47.6,20,nine,ADS,3,no,76.8,53.4,4,58.4
SJC2600424,24/05/2026,59.0,56.9,62.1,72.9,,20,8 hrs,I.T,Second,False,90.0,53.9,3,75.2
SJC2600254,04/05/2026,80.0,62.0,85.0,79.1,77.0,20,11,C.S.B.S,3,True,75.4,74.3,2,86.8
SJC2601754,2026-05-26,999.0,62.8,66.5,-30.0,75.3,18,5, CSBS ,2,TRUE,48.2,65.4,2,62.8
SJC2600961,Jun 05 2026,69.4,50.4,77.8,91.1,70.4,21,6,C.S.B.S,2nd,N,70.3,62.1,4,58.0
SJC2600749,03/06/2026,89.1,65.7,76.1,69.9,62.9,20,9,C.S.E,III,0,53.3,63.1,3,90.9
SJC2601022,2026-05-07,65.7,,48.4,74.2,57.0,21,  1.8 ,aml,2,1,82.5,66.9,1,51.3
SJC2600851,Jun 10 2026,100.0,46.2,52.4,61.4,69.1,22,12,CYBER,II,FALSE,84.4,54.2,1,68.5
SJC2600877,May 29 2026,72.1,67.5,64.2,66.7,88.4,21,  13.2 ,ads,Second,1,63.4,51.6,3,68.4
SJC2601915,May 07 2026,,50.3,64.2,58.1,66.9,20,10,C.S.B.S,3rd,Yes,69.2,,2,62.8
SJC2600507,Jun 06 2026,,56.8,45.3,84.1,,24,11.0, CSE ,2,Y,88.6,51.3,0,68.3
SJC2601555,2026-05-27,,55.3,38.3,70.0,50.3,20,12.5,IT,Second,True,65.5,44.3,2,48.3
SJC2601718,Jun 03 2026,74.4,30.4,47.2,-30.0,47.9,21,16 hrs, IT ,III,False,70.7,41.7,2,38.5
SJC2601733,May 07 2026,71.9,57.7,79.4,76.5,,21,eleven,cyber,III,no,,54.6,2,71.8
SJC2600849,2026-05-03,83.6,57.5,57.5,92.7,,20,eight,CSBS,II,False,66.1,68.5,2,75.2
SJC2601757,2026-05-06,80.5,59.4,80.3,63.4,83.4,20,eight, AML ,2nd,Yes,98.6,62.2,2,68.6
SJC2601297,May 08 2026,70.2,74.2,79.6,70.8,76.1,21,3.8, IT ,Second,N,76.1,70.8,0,84.7
SJC2601382,2026-06-03,73.8,,56.7,56.7,64.5,24,  0.1 ,IT,II,N,73.0,51.5,3,38.8
SJC2600495,May 28 2026,100.0,57.2,76.7,66.5,70.6,20,  10.2 , Cyber ,3,True,75.4,65.8,0,64.4
SJC2600434,Jun 04 2026,82.2,,75.0,75.7,81.6,20,16,cse,II,FALSE,80.5,70.9,0,87.8
SJC2601340,2026-05-08,92.7,47.2,61.5,80.9,80.0,22,14 hrs,AML,Second,True,73.0,64.2,4,87.5
SJC2600956,25/05/2026,68.7,,-1.0,93.0,63.4,21,16,CSBS,Second,no,83.5,53.7,0,79.2
SJC2600175,Jun 04 2026,85.8,46.0,58.3,67.6,63.5,20,  11.2 ,ads,2nd,no,72.8,56.7,3,58.9
SJC2600837,May 03 2026,69.8,66.2,66.3,36.8,79.4,18,  10.5 ,A.D.S,Second,Yes,91.5,79.0,2,77.2
SJC2600803,16/05/2026,68.9,73.2,56.7,42.9,63.4,22,17 hrs,ADS,II,yes,57.4,52.1,0,69.1
SJC2602090,May 08 2026,75.2,78.9,999.0,61.3,74.5,21,6.5,IT,II,N,61.9,76.7,3,51.9
SJC2602405,2026-05-06,87.4,,41.7,88.7,71.4,22,10,C.S.E,II,TRUE,100.0,,2,71.5
SJC2602086,2026-05-04,77.7,56.2,74.1,82.8,73.6,21,10 hrs,csbs,3,True,80.1,47.9,2,65.0
SJC2602470,2026-06-14,52.6,60.2,79.3,60.4,71.9,21,14,C.S.B.S,Second,No,,66.8,4,71.8
SJC2601059,Jun 13 2026,72.9,64.8,50.5,68.5,59.4,20,six,I.T,II,N,67.0,50.9,2,52.9
SJC2600581,2026-06-09,90.8,,72.9,71.3,78.2,20,6,cse,Third,No,,53.3,0,80.4
SJC2600599,2026-05-22,69.5,58.8,60.0,54.3,,22,nine,ads,Second,1,55.2,,0,54.4
SJC2601269,2026-06-06,80.8,52.5,54.0,61.8,61.7,22,  13.0 ,aml,II,Yes,68.0,40.1,1,40.8
SJC2602120,2026-05-27,74.7,62.7,53.8,60.1,,24,ten, CSE ,II,1,88.2,54.5,0,61.5
SJC2600181,2026-05-29,97.1,84.9,72.5,72.1,73.6,20,16,C.S.E,Second,no,87.6,78.3,0,100.0
SJC2602364,12/06/2026,65.2,84.7,75.0,70.4,85.9,20,10,CYBER,Third,Y,44.5,61.2,0,60.7
SJC2601909,05/05/2026,65.7,,44.2,74.4,60.9,22,10,AML,II,TRUE,70.4,59.4,2,76.2
SJC2600830,2026-05-14,77.3,55.7,56.8,84.9,63.2,21,  10.8 ,C.S.B.S,II,N,62.7,64.5,3,86.5
SJC2601883,2026-06-12,,,65.1,9999.0,52.1,22,5, IT ,2,No,77.2,73.5,1,66.6
SJC2600688,2026-06-05,71.8,49.0,36.7,90.6,,22,eight, Cyber ,3rd,1,71.9,40.0,1,36.9
SJC2601873,09/05/2026,-5.0,,52.7,55.6,58.0,22,14.2,AML,Third,N,88.4,61.9,3,65.5
SJC2600206,2026-05-08,,66.2,54.7,91.5,57.1,20,twelve,C.S.E,2,Yes,77.7,66.4,2,82.3
SJC2601921,2026-05-13,78.7,51.4,999.0,75.0,61.8,20,14 hrs,A.D.S,III,N,94.1,50.1,3,84.3
SJC2601674,May 15 2026,72.1,56.5,45.2,65.1,70.3,22,7 hrs, CSE ,2nd,no,64.8,48.2,4,58.8
SJC2601765,2026-05-17,,28.1,27.2,69.6,61.5,20,12.2,cyber,3rd,Y,66.3,32.6,3,54.0
SJC2600155,Jun 02 2026,89.1,57.0,40.6,79.7,53.9,20,8 hrs,I.T,II,True,80.7,44.3,3,60.6
SJC2600092,May 07 2026,76.9,,62.0,67.0,67.8,21,6,C.S.E,2nd,No,73.3,58.9,3,54.1
SJC2601870,2026-05-31,72.3,,57.8,67.0,44.8,22,8,ads,III,Yes,97.0,55.7,3,62.0
SJC2602384,2026-05-16,83.6,60.7,72.1,74.1,52.5,18,10,aml,II,False,69.2,65.7,4,67.7
SJC2600013,05/05/2026,74.4,47.6,67.2,71.9,42.1,18,12.3,cse,Second,Yes,76.9,47.4,4,73.3
SJC2600638,2026-05-11,76.8,63.1,59.4,-30.0,65.0,18,10,A.D.S,3rd,no,85.6,,0,72.7
SJC2602323,2026-05-29,76.9,70.2,65.7,65.8,62.1,20,7 hrs, AML ,II,N,56.7,52.0,3,80.6
SJC2600747,2026-05-22,85.7,,57.9,70.5,,22,11.9,ads,III,FALSE,71.0,40.7,4,73.7
SJC2600652,16/05/2026,,66.0,47.9,71.5,,22,six,C.S.B.S,2nd,Yes,,67.9,1,58.7
SJC2602117,Jun 05 2026,58.2,56.7,51.5,59.4,57.7,20,eight,A.M.L,2nd,N,75.6,50.3,2,56.6
SJC2601769,May 04 2026,,38.0,38.2,93.4,54.5,24,5.7, AML ,2,no,,40.3,4,65.6
SJC2601988,May 10 2026,71.9,53.1,45.0,59.5,60.3,24,2,aml,II,0,,58.8,0,67.1
SJC2601697,May 22 2026,89.1,53.0,65.6,9999.0,82.2,22,  9.4 ,CSBS,II,True,69.2,86.5,0,59.4
SJC2601146,22/05/2026,80.1,57.5,-1.0,60.8,55.7,22,9 hrs,it,III,Yes,79.4,63.2,1,77.0
SJC2601877,03/05/2026,70.9,58.1,61.6,65.5,89.0,20,8,CSBS,3,False,96.1,65.4,3,82.9
SJC2600974,2026-05-09,80.3,41.9,57.0,62.0,55.0,20,13 hrs,cse,2,Y,69.3,53.7,4,57.7
SJC2600764,27/05/2026,,54.0,47.5,80.3,68.1,22,10 hrs,it,2nd,False,92.0,65.2,0,76.0
SJC2600301,Jun 07 2026,83.2,,67.9,61.4,55.8,20,0 hrs,ads,2,TRUE,86.3,52.3,3,50.2
SJC2600841,2026-05-09,81.3,60.0,60.2,74.2,56.3,21,  5.5 ,IT,III,Yes,89.6,59.7,1,63.1
SJC2600873,May 18 2026,71.0,69.9,61.6,83.6,61.3,22,8.2,I.T,2nd,FALSE,63.0,54.1,2,66.1
SJC2600670,2026-05-23,,67.5,66.8,45.3,,20,18 hrs,C.S.B.S,3rd,1,,59.1,3,78.7
SJC2602391,2026-06-01,87.4,61.3,58.0,59.8,58.4,20,12.9,A.M.L,2,yes,74.8,44.5,1,88.6
SJC2602353,2026-05-14,81.5,,53.0,72.9,63.1,21,  7.5 ,CYBER,2nd,1,60.3,44.8,2,62.7
SJC2601170,2026-05-08,74.7,38.2,48.4,82.5,62.6,18,  11.8 ,A.D.S,3rd,Y,95.5,57.9,2,69.8
SJC2600999,25/05/2026,92.5,77.0,64.0,-30.0,77.9,18,  7.5 ,Cyber,2,no,60.0,74.0,1,89.0
SJC2600006,2026-05-19,85.6,60.4,61.9,69.2,72.4,24,  9.7 , CSBS ,II,TRUE,85.0,58.1,3,84.4
SJC2600387,2026-06-13,87.1,71.2,60.6,72.3,82.0,22,15,aml,2nd,N,62.1,,1,79.3
SJC2600112,2026-05-07,69.8,47.6,65.6,68.3,65.1,21,2,CSBS,II,No,62.5,49.8,0,48.2
SJC2601654,2026-05-10,66.6,73.8,47.1,59.1,71.2,20,8 hrs,ads,2,0,71.8,54.6,2,61.8
SJC2600220,May 02 2026,70.6,86.6,57.8,52.6,77.5,20,10.9,csbs,II,yes,67.3,50.2,1,54.7
SJC2600235,2026-06-14,78.8,69.4,59.1,62.1,72.5,21,12,Cyber,2nd,no,83.1,58.5,4,46.2
SJC2601497,May 21 2026,79.0,47.5,60.9,64.7,62.0,20,  7.2 ,C.S.B.S,2,Y,81.5,53.6,3,62.1
SJC2601724,12/05/2026,83.6,52.8,38.9,75.0,58.8,24,ten,A.M.L,3,False,76.1,36.7,3,43.6
SJC2602299,Jun 03 2026,86.6,63.2,58.8,51.2,75.5,21,14 hrs,Cyber,3rd,Yes,95.6,52.9,3,85.9
SJC2600223,May 09 2026,71.6,40.2,48.2,74.4,,21,1 hrs,cyber,3rd,TRUE,66.2,39.3,1,46.1
SJC2602441,2026-05-02,92.6,59.7,73.1,66.5,87.0,18,three,cyber,2nd,No,80.6,68.5,3,61.8
SJC2601236,2026-05-06,,,67.7,89.1,,22,fourteen,it,3rd,False,90.2,49.5,1,94.8
SJC2601390,08/05/2026,81.9,78.8,80.2,84.9,61.3,21,seven,CSBS,II,0,93.9,58.5,1,76.4
SJC2600133,May 13 2026,89.5,,999.0,86.4,,18,6,CSBS,II,Yes,58.3,61.1,4,67.5
SJC2601111,15/05/2026,85.0,66.1,40.3,85.4,54.6,22,fifteen,CSE,2nd,True,70.1,65.2,2,60.3
SJC2601970,May 06 2026,67.0,,72.6,75.1,73.2,20,8.8, Cyber ,3,TRUE,61.0,66.3,1,58.7
SJC2600383,2026-06-14,84.4,58.9,66.3,78.5,60.2,20,twelve,I.T,III,0,60.9,,2,58.4
SJC2600554,2026-06-09,79.1,,67.0,56.8,64.6,24,11, CSBS ,2,0,,68.4,2,56.3
SJC2600509,May 03 2026,71.5,57.3,51.0,86.4,74.6,22,7, CSE ,2nd,True,71.4,79.9,0,71.5
SJC2602460,May 24 2026,77.7,,72.7,58.5,68.5,20,  12.4 , CSE ,II,FALSE,,41.3,0,69.7
SJC2602247,Jun 03 2026,73.8,23.3,-1.0,9999.0,37.6,20,ten, CSBS ,2nd,yes,62.8,63.0,3,40.5
SJC2600508,May 02 2026,56.9,,77.5,93.5,66.4,24,  3.9 , IT ,2,N,78.1,70.2,4,68.9
SJC2601017,2026-05-21,65.9,65.1,82.2,74.1,59.3,20,eight,cse,Third,Y,55.3,66.2,2,54.2
SJC2600178,May 03 2026,58.3,58.8,-1.0,59.5,50.6,20,4 hrs,Cyber,III,yes,,48.4,2,34.3
SJC2601330,16/05/2026,95.0,61.7,45.6,66.2,47.1,21,  9.0 ,Cyber,III,Y,52.9,52.0,4,55.0
SJC2602322,02/06/2026,61.6,60.0,58.2,68.0,90.6,22,13,CSBS,3,TRUE,87.9,72.4,2,79.4
SJC2600739,2026-06-04,75.9,75.5,83.5,9999.0,76.4,20,9,A.M.L,2nd,Yes,70.8,66.4,3,75.1
SJC2602477,12/05/2026,72.4,55.9,47.2,45.1,78.1,21,two,A.M.L,II,Y,84.3,61.5,2,49.8
SJC2602183,2026-05-31,55.4,51.8,50.7,65.2,69.1,21,9 hrs,it,2nd,yes,74.4,58.5,2,67.8
SJC2600888,Jun 14 2026,72.0,41.9,39.8,66.0,48.5,21,6,csbs,III,TRUE,81.5,55.7,2,38.1
SJC2600690,05/05/2026,64.2,53.2,37.6,66.3,52.3,24,9.3, Cyber ,Second,yes,63.1,52.0,1,45.8
SJC2601268,Jun 02 2026,91.4,67.5,45.7,79.8,81.0,20,9,C.S.B.S,2,No,,56.2,1,66.5
SJC2600480,May 19 2026,83.1,72.5,71.7,57.0,69.4,22,  10.0 ,CYBER,II,yes,100.0,65.1,0,79.2
SJC2600519,02/05/2026,60.0,80.5,86.2,60.9,81.8,21,10 hrs,csbs,Second,False,67.7,,4,90.8
SJC2601206,16/05/2026,66.4,74.9,62.3,60.4,69.1,21,11 hrs,cse,2,FALSE,63.4,70.5,4,80.0
SJC2601084,15/05/2026,61.1,56.9,44.1,65.6,55.6,21,16,CYBER,2,no,73.7,45.9,4,82.4
SJC2602237,May 07 2026,73.7,56.0,58.9,47.2,82.9,20,6, IT ,2,0,75.9,,0,58.6
SJC2601204,2026-05-06,58.7,71.1,63.9,70.7,72.5,22,9 hrs, ADS ,II,no,51.0,70.4,2,69.4
SJC2601905,May 04 2026,82.5,88.6,70.7,88.4,60.4,21,10.3, ADS ,2,No,85.1,54.9,3,82.4
SJC2602373,Jun 01 2026,77.3,64.3,62.8,75.1,65.8,21,7, ADS ,2,0,84.2,76.3,2,75.2
SJC2602123,Jun 10 2026,,,-1.0,70.8,77.9,24,4,A.M.L,2nd,0,61.0,73.6,2,55.8
SJC2600078,2026-06-02,,87.6,77.4,65.8,,21,5,CYBER,III,False,70.0,62.0,3,82.1
SJC2600848,May 22 2026,75.0,56.2,50.1,59.0,71.4,20,  13.0 ,Cyber,3rd,TRUE,,62.5,4,78.6
SJC2600525,2026-05-22,96.8,74.9,60.6,79.5,68.8,21,fourteen, CSE ,Second,no,53.0,65.6,4,84.7
SJC2602254,May 23 2026,95.2,51.3,66.3,63.1,57.7,21,eleven, Cyber ,2nd,no,65.4,,3,47.8
SJC2600222,2026-05-24,86.8,45.9,48.2,70.1,58.1,22,6,ads,Third,FALSE,74.6,40.3,1,47.9
SJC2601320,2026-05-29,100.0,44.7,50.0,91.8,47.9,21,12,cyber,II,no,60.1,50.7,3,71.4
SJC2600511,2026-05-28,-5.0,83.5,82.0,-30.0,,22,8.2, ADS ,2,No,,71.4,0,86.5
SJC2600388,21/05/2026,82.5,67.6,70.9,70.9,87.1,21,9,ads,Second,Y,90.8,50.8,3,78.8
SJC2601588,22/05/2026,71.2,,35.8,65.9,51.0,18,10 hrs,CYBER,II,1,79.4,53.0,0,50.1
SJC2601645,28/05/2026,78.2,,72.8,57.3,74.7,18,6, CSE ,2,TRUE,74.0,78.8,2,94.8
SJC2600150,21/05/2026,76.2,66.8,53.0,61.2,68.7,22,  6.8 , ADS ,III,no,53.2,67.5,4,37.2
SJC2601227,Jun 10 2026,80.4,65.7,36.3,75.2,68.1,22,5 hrs,A.D.S,2nd,TRUE,77.7,56.4,3,54.0
SJC2600010,03/05/2026,100.0,55.1,69.0,71.6,78.6,24,10 hrs,C.S.E,3rd,1,,60.6,4,72.8
SJC2600280,09/05/2026,53.4,37.4,50.8,66.7,59.0,20,five,csbs,Second,0,84.7,44.4,1,41.5
SJC2602061,2026-05-25,81.5,53.6,56.2,86.0,70.7,18,9.4,cse,2nd,yes,65.4,60.5,2,56.9
SJC2601629,May 11 2026,86.0,57.0,65.3,97.3,79.0,22,4 hrs,CYBER,III,Yes,93.6,84.1,3,85.0
SJC2601209,2026-05-09,87.8,72.3,76.1,68.9,69.9,20,  5.8 ,ADS,3,False,66.1,74.5,2,68.2
SJC2600784,2026-06-03,71.8,56.2,53.2,72.0,62.5,24,  9.8 ,ADS,3rd,no,97.0,61.0,1,65.4
SJC2600342,2026-05-09,66.1,64.5,46.8,65.5,80.7,21,12.3,aml,2nd,yes,62.5,57.5,4,49.1
SJC2600696,May 22 2026,69.3,,42.0,74.4,69.7,21,  9.2 ,Cyber,2,N,52.0,49.5,1,57.0
SJC2601115,2026-05-06,73.1,71.5,68.1,63.5,,22,11.1,cse,Second,N,75.2,59.9,4,75.8
SJC2600543,21/05/2026,98.6,57.5,36.8,93.3,54.0,18,3 hrs, AML ,Second,Y,69.3,,3,48.8
SJC2600808,Jun 14 2026,66.6,61.3,49.4,87.8,53.3,21,7.4,it,2nd,TRUE,52.9,65.9,2,44.9
SJC2601687,03/06/2026,94.5,68.7,56.3,81.1,61.1,22,6 hrs,A.D.S,III,no,77.1,62.9,0,81.4
SJC2600854,May 19 2026,,81.5,80.9,59.9,73.6,18,10.6,CSE,2nd,Y,,74.3,3,90.1
SJC2602202,May 25 2026,,44.9,65.4,74.6,67.1,22,9.3, AML ,Second,N,89.4,72.8,3,80.3
SJC2602012,04/05/2026,76.4,59.5,57.5,85.4,57.2,20,12 hrs,A.M.L,2,False,60.5,,2,78.9
SJC2600283,2026-05-12,70.2,72.4,75.5,82.4,98.0,22,10, IT ,Second,Y,65.9,76.3,0,78.3
SJC2601186,May 13 2026,72.3,71.5,54.1,55.5,74.2,22,16,it,3rd,No,92.7,47.9,1,75.8
SJC2600695,May 27 2026,80.6,50.1,61.6,68.4,62.6,21,3.4,I.T,2,1,87.9,56.8,0,44.4
SJC2600485,20/05/2026,47.2,54.8,47.5,62.3,52.7,24,  14.8 ,cse,2nd,0,78.5,46.0,3,42.4
SJC2600418,08/05/2026,86.2,55.7,69.2,68.6,70.7,20,11 hrs,ADS,Second,N,,71.3,1,71.2
SJC2602145,May 02 2026,87.8,55.5,45.3,69.9,65.9,22,  9.1 ,it,2nd,no,84.6,52.1,1,75.2
SJC2602472,2026-06-11,63.5,45.5,48.8,68.8,48.8,20,6.1,IT,Third,no,60.6,52.7,0,43.5
SJC2602379,2026-06-07,86.0,52.5,73.8,72.7,,22,  16.1 ,I.T,3,no,49.9,57.0,1,57.2
SJC2601636,Jun 06 2026,73.2,,62.0,99.8,65.1,22,7,CYBER,II,0,100.0,45.5,1,58.0
SJC2600221,02/06/2026,81.5,62.2,42.0,80.8,71.2,22,8 hrs,cyber,III,1,,,4,66.4
SJC2601801,May 26 2026,65.6,85.8,81.0,76.7,83.6,21,  15.5 ,IT,Second,No,69.7,67.8,3,87.3
SJC2601774,May 11 2026,93.0,48.8,63.6,82.3,72.0,21,  5.2 ,CSE,Second,no,95.3,67.4,0,73.3
SJC2601527,May 11 2026,72.9,61.0,76.2,59.5,76.1,21,twelve,aml,II,N,,59.8,1,66.7
SJC2600591,Jun 12 2026,78.8,77.0,53.8,60.9,75.3,20,4.9,aml,II,Y,,71.5,2,57.7
SJC2601061,2026-05-19,70.1,58.3,48.4,64.1,,18,  15.1 , CSE ,3rd,0,63.8,,4,72.9
SJC2601332,Jun 13 2026,67.5,63.2,66.8,58.3,64.8,18,8.8,C.S.E,Second,FALSE,70.8,72.2,0,65.9
SJC2600708,07/05/2026,92.4,66.8,60.7,67.7,72.0,24,5.4,ads,III,FALSE,,56.9,4,58.5
SJC2600411,02/06/2026,93.0,74.0,79.7,82.1,75.0,18,13.1, CSBS ,Second,TRUE,91.6,87.3,4,96.9
SJC2600121,21/05/2026,73.6,46.5,56.8,88.8,55.1,18,  7.8 ,AML,2,FALSE,48.5,48.8,1,57.1
SJC2602102,2026-05-05,76.0,72.0,84.9,70.0,73.7,22,  4.7 ,aml,II,FALSE,82.4,67.3,4,85.0
SJC2600785,10/05/2026,92.6,,59.4,74.1,68.2,18,ten,C.S.B.S,2,N,65.2,,0,70.0
SJC2600919,2026-05-05,,66.4,88.5,61.9,63.7,22,  9.0 ,cyber,2,TRUE,98.4,61.3,3,74.8
SJC2600632,Jun 15 2026,999.0,76.7,73.0,68.9,78.7,20,  9.3 , CSE ,2,N,61.9,69.8,3,84.1
SJC2600094,2026-06-11,88.9,,58.2,42.8,76.6,21,9.7,csbs,II,Yes,,63.5,3,65.1
SJC2602200,2026-06-04,73.0,73.0,57.5,56.6,98.0,18,fourteen,aml,Second,No,58.9,65.1,3,56.4
SJC2602222,2026-05-23,85.7,38.8,46.1,59.6,53.7,20,  8.2 , AML ,2nd,No,87.3,35.5,1,53.9
SJC2601583,May 15 2026,77.7,60.1,48.5,76.7,55.6,21,  5.8 , CSE ,II,FALSE,69.1,61.1,3,57.6
SJC2600056,2026-05-26,84.5,66.2,47.4,71.5,61.8,20,3.7,C.S.B.S,2nd,no,50.2,48.6,1,42.7
SJC2600538,May 04 2026,81.0,57.0,63.4,75.5,65.8,22,13 hrs,A.D.S,Third,1,91.1,69.1,3,78.7
SJC2601767,06/06/2026,69.2,63.3,67.8,80.2,60.8,20,19,CSE,2,FALSE,87.7,55.4,2,79.6
SJC2601457,May 26 2026,96.3,46.3,55.5,82.2,64.0,21,10, Cyber ,III,FALSE,61.6,71.8,1,84.3
SJC2602366,Jun 12 2026,100.0,55.9,82.4,81.3,,22,  4.7 ,C.S.B.S,2,TRUE,,74.4,0,79.6
SJC2601375,Jun 01 2026,73.1,59.6,51.8,61.5,62.6,24,10,IT,2nd,yes,68.0,51.5,2,42.0
SJC2601484,05/06/2026,73.5,51.3,53.6,95.6,56.5,24,11.4, AML ,2nd,FALSE,35.4,,2,67.7
SJC2601169,2026-05-11,85.4,50.5,48.0,98.6,52.4,20,11, CSBS ,II,0,61.3,53.5,1,65.1
SJC2600561,May 13 2026,72.9,57.5,63.3,79.7,70.2,21,  4.4 ,Cyber,2,N,76.8,,4,66.0
SJC2600936,25/05/2026,73.6,64.6,73.1,55.8,82.7,20,twelve, CSBS ,2nd,yes,,67.2,2,87.4
SJC2601490,10/05/2026,80.8,61.2,71.7,74.8,58.0,20,twelve,csbs,3,0,49.7,55.6,2,61.8
SJC2600245,Jun 06 2026,76.4,66.1,66.5,71.9,87.0,24,10 hrs,csbs,2nd,False,55.8,,4,65.3
SJC2601345,08/06/2026,,81.2,87.5,85.6,,22,six, AML ,3rd,Y,99.0,,4,82.0
SJC2602398,May 24 2026,84.8,41.8,55.6,71.8,43.0,20,12.4, IT ,Second,Y,80.0,,4,62.2
SJC2602413,2026-05-09,,46.5,999.0,69.0,49.1,22,  5.6 ,ADS,2,yes,82.3,61.0,2,60.9
SJC2602062,2026-06-08,74.0,66.3,58.4,78.2,66.1,21,10, CSE ,3,N,47.8,75.4,2,69.6
SJC2600214,May 20 2026,90.9,81.4,72.8,62.9,67.0,20,14 hrs,ads,Third,no,67.5,78.3,1,99.0
SJC2600113,May 20 2026,75.0,70.1,78.0,55.2,57.2,20,  4.6 ,cyber,2,no,95.9,59.0,3,67.7
SJC2600962,2026-05-06,84.5,52.5,56.1,70.3,84.0,24,6 hrs, ADS ,3,TRUE,96.0,65.1,1,69.3
SJC2600826,Jun 10 2026,999.0,44.9,55.7,75.8,54.6,21,14 hrs,CSBS,Second,N,94.6,40.2,2,66.9
SJC2600627,May 02 2026,79.2,63.3,85.9,52.2,73.1,20,  15.5 ,CSE,2,TRUE,87.5,57.7,4,77.7
SJC2602303,2026-05-28,77.3,73.0,82.8,93.7,98.0,18,8.6,CSBS,3rd,No,97.5,,4,86.8
SJC2601652,27/05/2026,,49.0,62.0,50.9,67.4,21,10 hrs,ads,Third,Yes,66.9,67.9,1,69.7
SJC2601858,Jun 09 2026,77.9,73.4,66.5,64.0,68.0,21,4,IT,3rd,FALSE,,55.0,0,62.7
SJC2601220,18/05/2026,93.0,54.7,48.2,94.6,55.5,21,17,C.S.E,3rd,FALSE,77.9,43.4,2,88.6
SJC2601069,Jun 11 2026,89.3,42.5,55.2,50.1,,24,15.0, ADS ,2,no,81.6,52.4,2,68.0
SJC2602279,2026-05-04,78.3,73.4,67.7,65.3,74.8,20,5,csbs,3rd,No,,67.7,1,73.7
SJC2601990,23/05/2026,77.1,64.0,80.3,61.8,62.4,18,five,CYBER,2,Yes,84.6,54.3,4,63.9
SJC2600945,May 12 2026,,72.7,-1.0,80.2,76.3,21,thirteen,A.D.S,Second,True,65.3,78.2,0,77.2
SJC2600499,May 17 2026,65.3,37.4,36.3,86.9,65.2,18,  6.6 ,CSBS,3,True,49.0,49.4,4,39.9
SJC2601062,May 14 2026,78.0,57.6,63.6,95.7,66.8,21,14,C.S.B.S,2,No,69.6,65.7,1,85.1
SJC2602010,10/05/2026,,43.4,49.4,76.1,51.5,21,  7.4 ,ADS,Second,1,81.5,39.1,0,49.6
SJC2600194,Jun 14 2026,87.0,72.4,76.5,80.8,71.7,18,  11.7 , Cyber ,2nd,False,57.6,69.3,4,84.3
SJC2601898,2026-06-04,76.3,72.7,69.6,61.3,,20,seven,CSE,3rd,False,,74.7,2,71.3
SJC2600183,2026-05-13,84.0,52.3,57.2,80.4,69.4,24,6 hrs,cse,Third,Y,,65.3,2,74.4
SJC2600445,2026-06-02,81.9,52.8,63.5,70.6,72.9,18,eight, ADS ,2,1,98.6,47.2,3,68.0
SJC2600750,May 18 2026,150.0,51.8,48.6,75.1,61.0,22,six,CSBS,2,True,81.2,44.9,4,59.9
SJC2600883,18/05/2026,97.5,59.6,66.7,9999.0,71.8,24,7.5, IT ,II,N,86.6,69.2,4,76.5
SJC2600076,23/05/2026,79.4,75.1,62.9,68.5,,22,  6.8 ,csbs,2,no,45.6,52.9,1,46.9
SJC2601579,May 22 2026,100.0,,62.1,83.4,61.3,18,seven,aml,3rd,Yes,82.0,55.8,0,70.4
SJC2602262,13/06/2026,77.6,,59.3,76.0,54.7,20,  7.2 ,cse,2nd,yes,71.3,61.1,2,39.7
SJC2600402,May 28 2026,,59.6,65.5,65.5,45.4,21,10 hrs,I.T,3rd,FALSE,63.4,56.3,2,58.1
SJC2601847,02/06/2026,94.9,63.1,66.7,79.0,,20,  2.0 , IT ,2,No,86.9,,1,64.7
SJC2601374,2026-05-07,96.4,59.2,65.3,67.7,60.8,21,11.1,csbs,2nd,No,80.3,,4,86.5
SJC2600022,2026-06-07,74.7,65.9,72.7,69.0,75.7,22,eleven,CYBER,2nd,TRUE,,55.5,1,74.5
SJC2600865,2026-05-18,,56.2,71.2,67.5,76.0,20,5 hrs,IT,III,False,70.7,,1,68.1
SJC2601832,18/05/2026,82.5,41.7,81.4,73.8,83.5,21,  17.3 , IT ,3rd,1,96.9,78.1,3,80.9
SJC2600926,13/05/2026,64.9,46.3,53.3,-30.0,61.8,22,15 hrs, ADS ,3,no,66.5,46.8,0,68.6
SJC2601338,2026-05-21,90.3,72.9,59.7,70.8,90.0,18,17,ADS,Second,False,68.7,61.0,2,88.4
SJC2600381,2026-06-05,100.0,55.1,56.6,66.2,56.3,21,11,CSBS,Third,FALSE,80.6,58.6,0,73.6
SJC2600500,20/05/2026,68.1,68.6,73.0,80.9,76.9,20,  10.7 ,A.D.S,2,no,70.8,73.3,4,77.0
SJC2600843,29/05/2026,,66.1,67.3,58.8,57.0,22,seven,CSE,II,TRUE,90.2,57.5,1,64.3
SJC2601513,2026-05-24,77.2,,62.7,72.4,,22,nine,cyber,Second,False,,,0,76.8
SJC2601466,2026-05-12,93.9,64.7,59.2,77.1,75.8,20,11,C.S.E,2nd,FALSE,,61.2,4,79.6
SJC2602226,02/06/2026,85.2,72.2,67.3,66.5,68.4,21,5 hrs,CSBS,3,False,79.5,63.5,4,70.3
SJC2602178,Jun 04 2026,58.3,53.0,59.2,61.8,70.0,22,thirteen,CSBS,Third,True,76.4,63.9,0,76.0
SJC2601267,May 08 2026,94.3,52.0,96.9,83.4,,21,  6.0 , IT ,2,No,71.8,70.9,1,68.2
SJC2601628,May 31 2026,81.2,76.7,83.8,82.5,72.5,24,seven,cyber,2,FALSE,,74.7,3,89.6
SJC2601475,2026-05-18,90.6,84.9,-1.0,74.9,80.7,24,  8.3 , AML ,II,FALSE,71.5,,3,77.0
SJC2602175,Jun 14 2026,79.9,,59.4,77.1,,21,  11.0 ,AML,3rd,N,94.1,64.1,4,76.6
SJC2600249,10/05/2026,72.6,45.7,57.9,56.3,66.5,24,one,cyber,Second,FALSE,55.9,49.3,3,45.6
SJC2601116,May 04 2026,77.5,63.1,55.3,74.5,70.7,20,6 hrs,I.T,2,N,84.6,54.5,1,69.0
SJC2600910,May 24 2026,81.1,,54.9,81.6,78.1,18,12.5,cse,2nd,False,80.6,64.1,1,78.1
SJC2601264,2026-06-14,76.9,53.6,60.1,73.6,74.7,21,9,I.T,Third,TRUE,83.3,61.6,1,59.5
SJC2601450,2026-05-08,69.6,,53.3,74.0,45.7,21,8 hrs, Cyber ,III,0,71.7,65.6,1,73.4
SJC2600976,28/05/2026,100.0,47.7,66.9,90.7,77.1,22,fourteen,ads,Second,1,64.4,67.2,0,83.4
SJC2600286,2026-05-30,71.7,51.4,47.4,71.8,39.0,20,8 hrs,C.S.E,2,0,73.6,65.1,2,59.3
SJC2601480,May 04 2026,82.8,52.5,36.6,76.0,59.2,22,5 hrs,I.T,Second,Yes,69.4,50.5,0,41.1
SJC2601794,23/05/2026,,62.6,61.3,80.1,75.9,21,9 hrs,it,Second,FALSE,59.2,70.0,0,76.0
SJC2600795,2026-05-08,86.3,64.0,46.9,75.9,82.5,20,4, Cyber ,II,TRUE,73.6,55.5,1,53.8
SJC2601731,30/05/2026,65.2,57.2,59.3,71.8,67.7,22,eight,IT,3rd,FALSE,66.9,51.7,3,65.0
SJC2600238,2026-06-03,999.0,66.0,64.2,64.5,77.2,24,14.7, IT ,Third,FALSE,61.3,53.9,2,70.6
SJC2600359,06/05/2026,69.1,45.0,64.0,71.2,54.8,18,ten,ADS,3rd,yes,67.2,,1,44.8
SJC2602190,31/05/2026,74.7,,55.5,73.1,54.6,22,9.9,ads,Second,1,62.0,64.8,1,53.2
SJC2602023,May 17 2026,57.8,65.4,40.2,59.8,64.4,24,16.0, Cyber ,Third,TRUE,83.0,66.6,1,55.7
SJC2600847,2026-05-24,90.6,75.5,51.3,71.3,,20,19 hrs,IT,2,TRUE,77.3,50.2,4,82.9
SJC2601694,May 14 2026,85.7,45.4,37.6,78.9,52.1,22,6,Cyber,2nd,0,96.2,,1,56.8
SJC2600009,May 23 2026,93.4,71.7,65.0,75.2,65.9,24,6.6,ads,2,Yes,72.1,60.0,3,80.0
SJC2601816,2026-06-01,,,50.1,67.2,60.4,22,  6.1 ,A.D.S,Third,True,,67.2,0,64.0
SJC2600560,Jun 14 2026,48.6,72.2,56.9,68.8,,18,6.7, ADS ,2nd,0,65.5,60.6,1,40.1
SJC2601589,11/05/2026,69.5,79.8,71.1,62.8,92.6,21,10,ADS,II,Y,59.3,73.0,0,76.4
SJC2602490,May 06 2026,90.4,68.0,54.4,74.1,72.5,20,ten,csbs,2,0,70.6,79.1,4,67.5
SJC2601805,21/05/2026,,59.5,57.6,81.3,71.6,18,nine, AML ,II,N,73.5,73.6,4,76.8
SJC2602071,14/05/2026,-5.0,,58.0,59.8,62.8,20,three,CYBER,2,False,65.7,42.0,1,55.2
SJC2602268,Jun 10 2026,74.0,60.2,42.1,56.8,62.6,21,7.9,A.M.L,II,Y,73.9,49.1,4,40.1
SJC2600488,13/06/2026,100.0,68.9,65.5,76.2,,20,3.6, CSBS ,2nd,No,63.5,53.3,1,73.2
SJC2601000,May 02 2026,85.3,62.0,44.7,56.3,76.6,21,13 hrs, ADS ,Second,Y,69.4,64.8,1,67.2
SJC2602148,17/05/2026,81.4,61.0,54.0,84.3,68.3,20,eleven,I.T,II,False,75.1,59.9,3,79.5
SJC2601619,May 29 2026,83.3,30.1,45.4,62.9,56.3,21,  1.1 ,cse,3,no,61.1,53.9,1,27.8
SJC2600039,2026-06-02,79.4,60.7,71.0,81.2,83.5,18,12,I.T,Second,No,58.6,58.2,2,74.2
SJC2600570,24/05/2026,99.4,63.3,81.6,88.5,77.7,24,13.2,AML,III,Y,,56.7,3,60.6
SJC2600677,May 15 2026,78.1,65.3,65.8,62.4,64.6,22,16.4, Cyber ,Second,No,76.0,73.5,3,84.5
SJC2601432,May 08 2026,63.7,63.3,65.9,65.8,64.9,20,11 hrs,CSBS,II,no,60.7,65.1,1,67.6
SJC2601667,May 29 2026,84.6,47.8,36.3,73.5,55.2,20,6,AML,2nd,FALSE,78.1,36.2,0,47.2
SJC2600958,2026-06-10,76.6,48.1,51.2,78.7,60.2,21,6 hrs,ads,Second,No,75.1,68.1,3,79.6
SJC2600996,May 09 2026,80.7,65.7,73.0,92.5,61.8,21,ten,IT,Second,0,81.0,50.0,3,80.9
SJC2600198,14/06/2026,74.2,32.3,62.8,84.8,,22,8,IT,2nd,Y,67.0,48.5,4,43.8
SJC2602211,Jun 10 2026,,48.8,40.8,88.0,56.7,21,  9.3 ,it,2,TRUE,86.3,58.6,4,57.2
SJC2602347,May 10 2026,81.2,75.8,67.4,92.3,65.6,21,nine,CSBS,2nd,Y,71.6,59.5,0,94.9
SJC2600188,2026-05-16,96.1,71.3,62.9,72.8,58.0,18,6,CSBS,Second,no,73.3,71.7,1,70.2
SJC2600391,May 16 2026,150.0,58.4,70.3,57.5,86.7,24,twelve,aml,Second,False,81.9,56.5,4,70.7
SJC2601529,May 04 2026,63.4,46.1,999.0,56.2,65.3,20,9,I.T,2,0,78.8,,0,58.9
SJC2600069,20/05/2026,76.5,54.0,75.4,92.2,70.0,20,8 hrs,C.S.B.S,Third,False,100.0,64.9,4,80.8
SJC2601198,07/06/2026,70.8,47.4,54.8,57.5,44.9,18,5 hrs,I.T,2,yes,71.7,60.2,4,41.3
SJC2600000,2026-05-05,75.3,79.3,85.7,71.4,86.9,22,six,C.S.E,2,Yes,72.3,73.7,4,81.7
SJC2601646,May 10 2026,88.6,54.1,76.2,86.3,76.4,20,9.0, CSBS ,2nd,FALSE,83.1,63.3,3,79.8
SJC2601441,May 19 2026,,67.8,90.1,73.3,71.5,22,12.4,csbs,II,Yes,91.3,69.9,1,92.6
SJC2601172,2026-05-28,100.0,73.3,67.0,100.0,68.4,22,10,ADS,Second,0,79.3,69.7,0,87.3
SJC2600165,May 18 2026,72.3,,36.9,-30.0,61.9,20,seven,csbs,Second,No,83.0,53.8,1,68.6
SJC2600454,May 21 2026,88.4,70.2,74.8,69.1,81.1,20,  9.5 ,it,Third,no,85.3,66.9,4,92.9
SJC2602418,May 17 2026,,70.4,58.5,69.0,79.4,18,14.5,C.S.E,2,N,64.6,59.8,4,65.8
SJC2602304,05/05/2026,,54.6,46.6,65.3,76.6,22,16,ADS,2,FALSE,75.0,48.2,2,79.3
SJC2601177,2026-05-13,76.5,54.3,45.5,77.3,49.8,21,13.3,CSE,2,FALSE,76.0,48.7,1,58.6
SJC2600758,2026-06-03,100.0,60.8,59.6,66.0,74.2,21,14 hrs,AML,3rd,N,78.3,63.6,4,80.1
SJC2600872,May 18 2026,61.7,38.2,-1.0,94.9,54.1,20,  11.7 , CSBS ,II,False,63.2,53.9,1,44.3
SJC2601106,May 09 2026,99.5,80.6,68.0,56.2,59.3,18,16, CSE ,Second,No,88.5,63.4,4,84.0
SJC2602094,15/06/2026,95.3,,69.6,74.5,93.0,22,  10.7 ,csbs,Second,no,74.8,61.0,0,77.6
SJC2600701,2026-05-24,100.0,56.0,57.6,89.4,52.0,24,7 hrs,Cyber,II,N,67.9,51.4,2,76.2
SJC2602101,11/06/2026,66.7,29.3,48.6,71.5,42.9,22,10 hrs,IT,2nd,yes,,45.3,1,25.6
SJC2600171,2026-05-13,87.2,59.9,49.8,65.2,,22,fifteen,A.D.S,2nd,No,61.4,61.0,2,72.0
SJC2602462,2026-05-02,150.0,71.7,66.1,59.5,55.5,24,  12.2 ,cyber,3rd,Y,,40.0,0,67.7
SJC2602152,May 05 2026,,56.5,57.2,72.0,85.9,20,eleven, AML ,II,no,,,2,60.7
SJC2600675,2026-05-28,73.6,,73.7,87.4,75.4,20,10.5,A.M.L,2nd,TRUE,70.7,76.2,1,91.8
SJC2601054,19/05/2026,87.1,53.2,53.3,93.2,,20,7,CSBS,Second,0,81.6,51.4,1,74.4
SJC2600420,2026-05-25,82.3,,40.3,80.9,51.1,24,  13.4 ,I.T,2nd,FALSE,68.5,33.9,4,60.5
SJC2601192,2026-05-04,71.2,72.7,48.8,74.3,,21,nine,it,2nd,False,37.6,47.4,4,40.4
SJC2602394,May 15 2026,150.0,64.8,59.9,77.7,51.8,20,10,CSBS,Second,Y,65.4,42.2,2,74.8
SJC2601248,Jun 15 2026,95.4,64.5,53.8,86.5,74.5,20,11 hrs,AML,2,N,69.7,51.6,1,69.2
SJC2601534,2026-06-15,74.1,68.0,72.7,51.5,74.7,21,thirteen,AML,2,TRUE,,65.6,1,59.9
SJC2601296,2026-05-13,88.1,76.6,62.1,100.0,46.5,18,9 hrs, IT ,II,1,,,1,72.2
SJC2600992,May 18 2026,70.1,68.5,60.8,77.9,75.2,21,7.0,IT,3,N,62.0,51.8,1,58.8
SJC2602406,Jun 07 2026,72.0,55.7,68.5,57.5,50.5,22,ten,it,2nd,0,56.3,62.2,3,46.7
SJC2600817,2026-05-31,,,63.6,90.6,72.4,22,4, IT ,3,No,63.9,53.4,0,57.1
SJC2602411,2026-05-27,79.1,60.5,71.3,57.8,75.1,24,16,I.T,III,yes,64.7,67.5,4,66.9
SJC2601563,May 10 2026,88.2,66.2,65.1,55.3,69.3,21,  9.4 ,A.M.L,2,0,,,3,91.1
SJC2601502,May 25 2026,71.7,39.9,45.8,77.0,54.2,21,16 hrs,A.M.L,2nd,N,79.4,47.8,1,65.9
SJC2601314,May 12 2026,98.9,53.8,51.7,88.4,47.7,24,  15.2 ,CSBS,2nd,TRUE,,50.4,4,72.7
SJC2601160,2026-06-04,60.7,,55.4,82.9,,20,9.1,it,2,FALSE,,,2,59.6
SJC2600531,07/05/2026,95.0,58.6,59.8,84.6,86.6,22,17.9,cse,2nd,no,66.0,77.2,2,100.0
SJC2601150,2026-06-10,72.5,59.1,86.9,52.4,75.4,20,14.9, Cyber ,II,yes,79.3,68.4,0,60.3
SJC2602180,2026-05-25,100.0,53.5,58.9,75.8,72.0,21,8.7, IT ,2nd,FALSE,73.8,60.6,0,66.1
SJC2600955,May 07 2026,71.5,89.5,69.8,9999.0,92.1,18,8 hrs,AML,2nd,False,89.6,76.6,3,100.0
SJC2601076,2026-05-07,66.6,47.6,51.0,74.4,58.3,21,11.8, Cyber ,3rd,False,78.0,,2,71.2
SJC2602001,May 11 2026,71.7,64.4,55.8,72.0,58.8,22,5.3,IT,Third,False,90.3,,3,69.1
SJC2600050,May 22 2026,71.3,,50.0,74.8,66.4,20,three,CSBS,Second,yes,98.9,66.9,2,70.2
SJC2602355,01/06/2026,100.0,77.6,72.5,79.0,,18,13 hrs,CYBER,III,No,68.8,61.4,1,85.4
SJC2601610,2026-06-06,74.1,78.3,74.5,56.3,86.0,18,  4.8 ,A.D.S,2,N,,69.1,1,66.2
SJC2600551,2026-05-29,83.6,55.1,71.9,42.3,61.6,21,  8.3 , CSBS ,3,Y,,64.1,3,63.2
SJC2601500,2026-05-13,89.5,52.4,76.7,84.7,,24,twelve, AML ,Second,No,76.7,61.7,3,81.3
SJC2602115,24/05/2026,76.1,60.8,62.7,92.0,84.2,22,  5.0 ,IT,3rd,no,78.4,78.4,2,88.7
SJC2602476,15/05/2026,75.1,59.7,76.1,47.5,66.4,21,12,csbs,II,no,52.4,67.5,0,72.2
SJC2600945,May 12 2026,,72.7,-1.0,80.2,76.3,21,thirteen,A.D.S,Second,True,65.3,78.2,0,77.2
SJC2600861,24/05/2026,71.0,82.3,87.8,73.3,93.4,20,  13.2 , CSE ,2nd,1,82.7,,0,97.0
SJC2602442,31/05/2026,,,78.7,75.5,93.9,24,  12.0 , CSBS ,II,FALSE,53.3,75.1,4,71.7
SJC2600951,Jun 12 2026,76.8,54.6,56.0,75.2,63.8,21,7, CSE ,2nd,FALSE,72.3,46.3,1,59.6
SJC2600275,19/05/2026,72.3,66.8,73.7,66.9,79.0,22,4,ads,3,no,80.6,75.4,3,73.8
SJC2601250,2026-05-07,85.6,64.3,53.7,60.7,53.8,21,two,A.D.S,2nd,No,78.1,47.8,1,50.0
SJC2601852,May 27 2026,76.8,49.4,70.9,70.8,76.4,20,13, IT ,Third,Y,,76.1,2,77.0
SJC2601408,01/06/2026,67.2,58.5,60.9,90.6,85.7,21,  12.4 ,IT,2nd,1,83.4,65.6,0,89.5
SJC2601749,2026-06-06,89.3,,60.4,81.7,43.5,18,  9.6 ,C.S.E,3rd,Yes,75.4,62.2,3,78.2
SJC2601919,May 17 2026,78.5,59.2,60.6,82.7,72.3,20,13,cyber,Third,Yes,94.1,73.2,2,84.0
SJC2600698,Jun 12 2026,65.1,59.8,80.0,54.1,80.5,21,10.1, Cyber ,III,No,68.5,56.7,2,68.1
SJC2600732,2026-05-10,85.0,32.5,41.0,72.8,68.0,22,15 hrs,aml,3rd,FALSE,81.0,51.7,4,70.5
SJC2601580,May 15 2026,67.5,69.6,65.8,74.2,80.8,20,7 hrs,cyber,II,N,,72.1,1,76.6
SJC2601216,2026-05-31,86.6,55.3,59.4,86.8,54.1,21,13,I.T,Second,FALSE,89.0,61.0,4,83.7
SJC2600634,May 11 2026,56.3,57.9,36.3,80.5,49.8,22,14 hrs,C.S.B.S,3,True,,53.1,4,51.2
SJC2601864,03/05/2026,56.7,60.6,67.1,66.8,64.6,20,11 hrs,A.M.L,2nd,no,69.1,78.8,1,69.6
SJC2601594,06/06/2026,88.9,51.2,51.7,45.3,58.1,21,8,ads,2,Yes,75.8,58.6,2,62.6
SJC2600345,May 30 2026,60.7,68.8,64.9,53.3,58.8,22,14,CYBER,2,no,64.3,68.2,0,77.5
SJC2601012,28/05/2026,71.7,59.6,62.5,71.5,64.9,22,ten,C.S.B.S,Third,TRUE,84.1,46.9,1,68.2
SJC2600139,19/05/2026,78.3,45.9,52.2,72.4,,21,seven,AML,Second,N,65.1,,1,39.8
SJC2602433,2026-05-28,82.8,80.1,63.5,58.0,74.5,24,11.4,CSE,3,1,66.5,65.1,4,81.5
SJC2601708,2026-06-01,80.9,44.7,66.1,63.4,54.6,20,nine,IT,2nd,False,,58.0,1,57.8
SJC2601894,May 05 2026,73.9,85.2,84.1,85.0,89.7,22,12 hrs, IT ,3,0,100.0,76.2,3,100.0
SJC2600506,04/06/2026,68.3,72.7,69.9,59.1,69.7,18,  10.3 ,C.S.E,3,TRUE,83.7,64.1,0,66.3
SJC2601942,2026-05-31,65.7,61.1,53.3,100.0,67.3,22,  8.5 ,CYBER,III,True,65.8,52.2,4,61.6
SJC2602194,May 04 2026,66.2,56.1,69.1,72.7,85.1,18,  7.5 , ADS ,3,True,62.1,85.3,2,68.5
SJC2602083,26/05/2026,59.2,74.9,72.7,78.2,83.1,21,  5.7 , IT ,II,True,75.2,76.5,0,84.1
SJC2602100,14/06/2026,63.5,68.5,67.0,57.6,86.4,21,7.8,Cyber,2nd,0,,59.6,0,58.0
SJC2602085,Jun 08 2026,80.9,49.9,59.1,74.9,62.4,20,eight, ADS ,2,Yes,96.0,46.2,4,74.6
SJC2601241,May 24 2026,68.2,83.2,83.9,99.0,76.1,20,  4.7 , CSBS ,2,No,64.6,74.8,4,81.8
SJC2601027,2026-06-12,66.7,56.9,46.0,60.6,67.2,20,11.3,cyber,II,yes,53.7,,3,52.7
SJC2601308,2026-05-24,74.6,42.6,57.7,81.1,61.0,24,  14.3 ,it,II,1,73.7,68.3,3,82.0
SJC2602445,2026-05-25,83.3,55.2,68.4,79.9,81.0,21,2 hrs,C.S.B.S,II,FALSE,73.9,55.3,4,57.2
SJC2600065,25/05/2026,79.7,,85.9,82.1,72.0,20,9 hrs,A.D.S,Second,0,72.6,72.9,2,77.2
SJC2601171,2026-05-08,64.9,50.5,36.3,64.8,63.8,22,  7.1 ,cse,2,0,,55.7,4,46.5
SJC2601498,2026-05-05,96.6,52.0,56.6,9999.0,74.7,24,  9.0 ,AML,Second,1,83.5,53.7,4,76.5
SJC2600494,May 29 2026,73.5,82.1,56.9,73.7,63.8,20,eight,AML,II,True,68.2,54.7,2,48.5
SJC2600723,2026-05-11,67.0,48.9,53.5,79.7,,24,  6.7 ,ads,3rd,0,56.4,58.1,3,62.3
SJC2602207,30/05/2026,77.2,59.5,60.8,56.2,79.7,18,twelve,C.S.B.S,3,FALSE,78.4,59.5,4,57.5
SJC2600123,04/06/2026,83.3,53.8,57.7,79.0,69.1,20,eleven,C.S.E,2nd,Yes,,68.1,2,77.1
SJC2600461,2026-05-18,,58.1,50.8,66.5,78.5,22,fourteen, Cyber ,Second,no,86.9,64.9,3,71.2
SJC2601547,04/06/2026,,84.3,46.2,91.0,,21,7.9,CYBER,2,TRUE,90.5,,4,56.3
SJC2602451,03/05/2026,80.7,49.5,53.6,71.8,76.0,21,  15.1 , IT ,Second,0,,64.0,3,73.6
SJC2601410,Jun 13 2026,74.9,78.9,81.9,68.4,81.5,20,8, Cyber ,3rd,False,83.9,71.8,4,80.1
SJC2601637,06/05/2026,86.6,58.1,70.3,58.1,59.6,21,16,AML,2nd,Y,75.1,62.4,4,81.8
SJC2600032,May 09 2026,91.8,36.4,51.7,70.0,53.5,18,12, Cyber ,2,Y,83.7,67.9,0,73.9
SJC2601602,May 22 2026,97.1,49.5,79.0,65.8,,22,18, AML ,2nd,Yes,,70.0,3,100.0
SJC2601715,05/05/2026,,70.0,70.9,72.1,,21,11 hrs, CSBS ,3rd,Yes,88.3,51.4,1,83.8
SJC2600745,05/06/2026,61.1,73.8,65.9,-30.0,74.1,24,14.6,ADS,II,no,67.7,71.5,2,85.0
SJC2601259,15/05/2026,82.1,73.8,70.3,77.4,74.6,21,thirteen,CSBS,III,0,74.4,59.5,1,90.6
SJC2600341,17/05/2026,65.4,57.8,66.4,-30.0,56.9,21,7 hrs, IT ,2,no,51.6,68.0,4,64.2
SJC2601592,31/05/2026,82.9,51.6,60.4,67.2,68.5,22,11.7,I.T,Third,0,,55.3,2,63.1
SJC2600559,30/05/2026,100.0,,999.0,83.0,50.6,20,6.6,Cyber,2,TRUE,59.7,54.8,1,71.0
SJC2601193,04/06/2026,77.9,,48.3,61.8,52.3,20,4 hrs, CSE ,3,Y,64.7,34.4,3,38.6
SJC2600822,2026-05-07,93.1,70.8,44.5,66.1,,20,eleven, CSE ,II,No,100.0,62.4,1,64.6
SJC2602392,2026-05-06,,53.4,61.0,86.2,56.8,20,12.6,cyber,2,TRUE,79.1,60.1,2,82.7
SJC2601237,2026-05-31,70.2,49.7,51.3,82.7,63.4,24,  4.9 ,csbs,III,True,83.0,59.3,1,48.4
SJC2601424,07/06/2026,999.0,88.5,77.1,56.0,78.7,22,6.6,CSE,Second,No,70.1,,0,66.0
SJC2601834,May 04 2026,100.0,81.0,72.4,70.9,92.0,21,10,A.D.S,2,False,71.0,81.1,1,100.0
SJC2600812,2026-06-13,-5.0,44.5,65.8,62.8,66.2,20,eight,aml,2nd,TRUE,81.1,56.8,4,57.2
SJC2602301,May 27 2026,62.9,,76.9,73.9,85.4,24,16 hrs, ADS ,II,1,69.6,67.3,1,78.2
SJC2602386,Jun 04 2026,70.9,74.8,70.2,67.9,64.5,21,  10.8 , CSE ,2,False,92.8,63.8,2,72.3
SJC2600272,2026-05-10,98.6,59.9,54.3,71.1,46.9,22,  5.6 ,CYBER,2nd,no,54.7,41.8,3,76.6
SJC2602043,2026-05-23,68.2,,38.5,81.2,,21,7 hrs,cse,II,N,73.8,48.7,3,61.5
SJC2601195,18/05/2026,67.6,42.7,42.4,-30.0,67.9,21,eight,I.T,2,FALSE,,44.1,1,46.6
SJC2600247,15/06/2026,60.6,40.9,39.8,63.3,61.4,20,fifteen, ADS ,Second,no,91.9,49.6,4,72.2
SJC2601494,2026-06-07,91.9,76.1,64.9,73.5,83.9,20,six,ADS,2nd,yes,79.1,70.6,0,83.4
SJC2602344,2026-05-06,71.3,55.1,57.5,89.8,64.4,24,15 hrs,cyber,2nd,0,75.0,,0,76.4
SJC2602189,21/05/2026,80.2,60.9,49.1,54.3,57.7,22,9.9,AML,3rd,TRUE,,54.0,4,59.5
SJC2602440,09/06/2026,77.7,71.6,65.3,9999.0,84.4,21,11 hrs,C.S.E,2,0,85.7,72.5,4,76.6
SJC2600578,May 29 2026,68.9,52.9,58.8,59.4,65.5,18,eight,A.D.S,III,Y,82.1,48.3,2,70.4
SJC2600317,May 21 2026,71.5,81.5,61.2,72.0,82.3,18,  12.3 ,A.D.S,3,Y,66.8,81.2,4,82.3
SJC2602239,07/06/2026,67.4,43.9,45.7,61.1,47.6,22,  4.7 ,I.T,3rd,Yes,77.0,42.7,1,40.1
SJC2600061,Jun 15 2026,78.9,51.2,36.2,75.9,,21,seven,cyber,2,FALSE,52.9,22.3,2,24.2
SJC2601504,07/05/2026,89.0,52.5,57.3,84.5,46.2,22,13.1, CSBS ,2,N,83.0,48.5,3,76.8
SJC2602078,2026-06-03,70.1,75.0,79.6,55.9,76.1,21,13, IT ,Second,yes,68.4,77.6,2,92.0
SJC2600243,13/06/2026,97.2,65.6,71.8,100.0,82.5,22,9, Cyber ,2,0,81.5,67.0,2,82.5
SJC2602105,Jun 02 2026,73.2,59.5,46.4,78.7,68.3,21,8.3,A.D.S,2nd,1,,,4,59.3
SJC2602134,2026-05-07,72.1,55.3,57.1,81.7,,20,8,CSBS,2nd,yes,73.7,63.1,4,80.9
SJC2602210,14/05/2026,84.1,62.7,72.4,30.7,68.0,21,8, CSBS ,II,yes,,,2,73.1
SJC2601878,13/05/2026,-5.0,,87.3,83.4,98.0,22,12.8,IT,III,True,71.8,,2,86.1
SJC2600462,15/05/2026,76.9,48.3,74.6,83.2,,22,fourteen,CSE,2nd,no,66.4,66.4,2,75.4
SJC2600356,2026-06-07,76.4,63.8,70.8,73.9,89.2,20,  15.2 ,A.D.S,2,Yes,94.5,77.9,4,87.0
SJC2600399,May 29 2026,85.2,73.8,57.8,74.4,55.1,18,thirteen,ads,Second,No,71.7,66.5,4,61.6
SJC2601935,2026-05-06,77.0,51.4,60.7,75.4,61.1,21,one,CYBER,3rd,N,58.2,58.7,1,53.9
SJC2601178,2026-05-16,81.3,70.5,62.7,85.9,67.6,24,  12.7 ,it,II,1,86.7,53.2,2,87.5
SJC2600020,30/05/2026,80.1,52.3,57.9,50.4,68.9,20,6.3,I.T,II,True,,80.1,2,68.3
SJC2600002,12/06/2026,69.2,88.1,90.1,76.8,77.1,20,8,CYBER,II,Y,56.2,83.3,3,80.4
SJC2601060,2026-05-28,77.3,59.7,70.3,67.8,75.4,22,  12.6 ,csbs,2nd,No,,64.0,0,73.0
SJC2602153,2026-05-09,65.0,40.3,47.3,92.1,63.9,21,7.9, Cyber ,Third,0,76.4,,3,67.0
SJC2601761,02/06/2026,73.1,64.3,66.8,85.7,81.3,21,nine,CSBS,II,N,48.9,62.3,2,69.4
SJC2600260,2026-05-19,84.2,,71.8,100.0,89.5,22,6.7,ADS,III,no,86.5,85.4,2,90.3
SJC2600124,2026-05-23,84.0,64.0,67.6,75.5,79.5,22,7.3,A.D.S,3,Yes,,66.8,2,81.3
SJC2601163,30/05/2026,43.2,,64.4,73.2,63.9,22,seven,it,II,TRUE,70.7,63.5,3,66.2
SJC2601048,2026-05-31,74.9,44.1,48.3,70.0,43.9,22,eight,aml,3rd,Y,,42.4,4,59.1
SJC2600031,Jun 15 2026,86.4,45.0,36.8,84.7,68.7,20,seven,IT,3rd,No,72.4,57.4,4,60.6
SJC2602408,2026-06-12,96.5,68.2,53.5,78.6,75.7,20,7,ADS,2,Yes,84.1,70.4,0,73.0
SJC2601463,May 22 2026,75.6,36.0,39.2,67.4,63.0,18,10 hrs,C.S.B.S,II,No,89.2,53.3,2,65.4
SJC2602468,2026-05-16,70.6,51.0,46.8,64.3,58.2,21,8.3,C.S.B.S,Second,N,73.3,40.3,0,51.3
SJC2601120,2026-05-25,66.8,48.3,46.6,75.2,35.0,20,7,cyber,2nd,FALSE,78.2,41.2,4,50.2
SJC2600240,2026-05-21,78.0,54.9,67.1,85.7,,24,13.4,ADS,Second,N,95.0,61.4,0,75.8
SJC2602207,30/05/2026,77.2,59.5,60.8,56.2,79.7,18,twelve,C.S.B.S,3,FALSE,78.4,59.5,4,57.5
SJC2601726,2026-05-22,74.5,68.6,77.4,74.9,84.8,20,7 hrs,IT,III,1,73.7,76.9,4,83.0
SJC2600953,18/05/2026,87.8,69.4,71.7,56.0,90.1,22,  2.5 ,aml,II,True,82.5,78.3,4,63.9
SJC2601660,2026-06-10,89.7,,95.0,66.5,89.8,22,13 hrs,csbs,2nd,yes,81.4,85.7,1,93.3
SJC2600328,2026-05-08,,,55.0,53.7,60.4,22,11,C.S.E,2,1,69.9,47.4,2,61.9
SJC2600720,2026-06-05,79.4,56.1,64.4,70.3,78.2,20,11, AML ,2,no,69.4,71.9,1,87.4
SJC2601240,Jun 15 2026,84.9,75.6,79.9,69.3,85.4,18,  14.3 ,C.S.E,III,TRUE,78.9,78.0,2,100.0
SJC2602475,10/05/2026,63.2,65.5,66.2,31.4,63.4,21,11.7,C.S.B.S,3rd,N,71.5,63.8,4,56.8
SJC2601881,13/06/2026,86.5,67.4,59.2,81.7,81.0,18,14.7,it,2,Y,60.9,71.9,1,86.5
SJC2600726,2026-05-09,80.2,41.0,57.4,73.9,,20,nine, CSBS ,III,TRUE,81.3,48.3,2,56.1
SJC2600885,29/05/2026,62.8,85.1,62.6,65.6,66.1,24,  5.3 ,A.D.S,II,Yes,76.3,55.2,1,55.3
SJC2600246,May 06 2026,65.6,48.7,65.0,65.9,68.4,20,12.9,CSE,Second,No,94.8,44.8,2,65.3
SJC2601615,20/05/2026,63.2,46.9,53.2,68.5,,20,6.2,AML,2nd,no,80.0,42.6,1,45.9
SJC2600319,12/06/2026,93.1,50.1,35.7,81.7,70.4,20,nine,AML,2,No,76.7,52.0,2,51.7
SJC2601704,Jun 02 2026,74.2,,31.8,63.9,,22,seven, CSE ,2nd,Y,97.7,52.6,1,37.3
SJC2600281,May 06 2026,85.4,74.3,53.4,64.4,77.5,21,12,Cyber,II,0,80.4,52.3,0,72.7
SJC2600100,03/05/2026,79.6,53.0,44.2,64.9,54.4,22,8.8, Cyber ,2nd,False,71.4,,4,61.3
SJC2602249,May 10 2026,81.5,39.0,42.5,74.3,66.3,20,twelve,IT,3,0,66.7,40.5,2,53.6
SJC2601574,13/05/2026,72.1,36.5,44.4,73.5,41.8,22,9 hrs,IT,3,True,94.2,56.3,1,71.6
SJC2602302,May 03 2026,100.0,63.3,81.8,69.6,,20,10,cse,II,N,84.6,60.9,4,79.5
SJC2600409,May 03 2026,91.0,48.8,60.9,80.8,74.5,20,10 hrs,A.D.S,2nd,Yes,,54.0,4,89.4
SJC2600414,2026-06-03,87.2,55.6,66.0,53.8,,20,six,csbs,II,FALSE,72.3,72.6,0,73.5
SJC2601435,Jun 02 2026,91.1,74.2,56.2,94.6,78.8,18,19,aml,2nd,Yes,81.5,,2,100.0
SJC2600653,2026-05-15,79.1,58.0,73.3,90.0,79.8,20,  10.2 , IT ,2,Y,75.6,,1,74.7
SJC2600476,Jun 03 2026,,45.9,34.9,66.6,,20,12.8,A.M.L,Third,no,77.9,44.0,0,66.4
SJC2600856,2026-05-25,92.6,56.6,54.3,67.9,78.0,18,7, Cyber ,Third,True,96.6,71.3,1,68.4
SJC2601400,06/06/2026,86.7,61.6,-1.0,74.0,77.2,22,8.1,IT,II,N,86.1,83.1,1,82.2
SJC2601413,Jun 09 2026,,75.0,68.7,99.5,84.7,21,  10.9 ,CSE,Second,TRUE,75.6,77.2,4,82.9
SJC2600845,2026-05-21,67.9,41.3,48.6,54.2,58.0,18,  6.6 , ADS ,Third,Yes,88.6,49.7,0,34.5
SJC2601533,2026-05-24,68.4,71.7,88.6,66.4,64.7,20,  9.9 ,cyber,2,No,86.5,65.8,4,80.0
SJC2601869,20/05/2026,56.0,59.5,65.1,-30.0,67.9,20,fourteen,ADS,Third,no,100.0,63.5,3,70.3
SJC2601665,2026-05-09,72.4,59.6,60.6,62.0,59.4,22,13,I.T,2nd,N,,67.9,4,84.2
SJC2601931,Jun 13 2026,70.5,52.3,60.5,84.1,63.8,24,nine, AML ,2,FALSE,72.4,50.9,2,60.9
SJC2600167,May 07 2026,82.9,,63.5,80.6,72.5,22,10 hrs,A.M.L,2,Y,86.7,,0,72.0
SJC2601862,2026-05-05,73.5,27.7,43.0,67.3,,20,ten,cse,Second,True,74.0,64.7,4,62.6
SJC2600395,2026-06-11,84.4,37.3,48.4,64.4,59.0,22,seven,cyber,Second,no,61.3,32.5,2,50.3
SJC2602165,12/05/2026,88.0,77.5,85.5,62.3,63.8,18,6.4,CSBS,2nd,no,90.2,69.5,2,83.8
SJC2600144,11/05/2026,81.0,42.7,46.2,79.2,53.0,20,11, AML ,3,Y,,41.5,1,59.6
SJC2600616,18/05/2026,92.4,57.4,73.6,89.7,76.6,21,seven,C.S.B.S,II,TRUE,78.5,65.1,2,65.6
SJC2602029,Jun 07 2026,65.5,50.9,74.3,69.4,62.5,24,12.2,C.S.B.S,II,Yes,,59.7,1,58.9
SJC2601964,17/05/2026,77.9,84.4,79.3,9999.0,82.3,22,13.1,Cyber,2,Y,53.1,85.2,4,91.0
SJC2601745,May 20 2026,59.8,49.8,68.1,67.3,75.9,20,  9.5 , AML ,II,N,46.4,69.4,2,56.0
SJC2601078,17/05/2026,100.0,76.5,90.1,79.0,97.4,22,8.1, ADS ,3,no,68.7,70.5,2,92.1
SJC2600125,May 21 2026,96.2,67.6,50.5,84.3,66.1,20,9.4,CSBS,2nd,False,,73.4,3,67.2
SJC2602047,16/05/2026,,62.5,48.0,78.3,44.2,21,8,cse,II,False,58.1,59.0,2,56.6
SJC2601531,09/05/2026,89.4,56.4,53.8,87.6,56.8,21,  12.1 ,csbs,3,No,74.4,52.4,0,72.6
SJC2602053,2026-06-08,79.3,77.3,54.9,79.5,72.3,18,14 hrs, AML ,2,FALSE,,56.1,1,66.4
SJC2601499,2026-05-07,77.1,74.2,77.0,96.3,98.0,21,9,A.D.S,2,Yes,73.4,67.5,0,97.5
SJC2601698,Jun 07 2026,99.9,41.5,39.5,81.5,54.3,21,  7.5 ,CYBER,Second,FALSE,64.1,43.3,2,66.4
SJC2600130,May 26 2026,98.2,68.4,86.2,65.1,85.3,22,11,ADS,2,Yes,81.2,76.0,1,81.8
SJC2600982,2026-05-20,73.2,86.6,74.1,62.8,86.0,20,7 hrs, CSE ,II,0,66.7,72.9,3,80.9
SJC2600228,May 12 2026,73.7,49.1,60.7,61.0,,18,  8.2 , CSBS ,II,Y,93.0,48.3,4,43.7
SJC2601141,23/05/2026,77.0,62.0,66.8,47.7,69.7,20,8.7,A.D.S,2,0,95.3,72.0,1,75.3
SJC2602317,2026-05-14,65.6,73.2,66.3,76.8,78.7,20,10 hrs,C.S.E,2nd,No,75.7,72.9,2,100.0
SJC2602286,2026-05-31,73.3,76.3,89.7,79.7,82.0,21,7 hrs,CYBER,2,yes,48.9,82.9,0,79.6
SJC2600882,29/05/2026,100.0,55.8,44.0,82.9,59.0,22,10 hrs,CSBS,II,False,64.2,47.5,2,70.4
SJC2600912,2026-06-12,83.7,39.8,59.4,76.7,46.4,20,14,csbs,2nd,yes,66.5,52.7,2,57.9
SJC2601824,02/06/2026,68.6,54.7,52.6,64.1,70.5,20,  8.2 , AML ,Second,False,75.3,60.4,4,55.8
SJC2600545,2026-06-12,82.7,58.2,51.4,80.5,,21,eleven,A.D.S,2,0,100.0,62.0,3,83.3
SJC2602172,Jun 13 2026,88.6,71.5,92.0,84.0,87.5,21,6,IT,II,True,,85.6,1,90.9
SJC2600584,May 13 2026,94.0,69.6,67.3,59.8,95.2,20,15.1,IT,II,0,71.4,72.1,0,97.3
SJC2600565,May 24 2026,70.3,88.7,94.8,47.2,61.3,24,  4.0 ,Cyber,2,0,45.1,84.7,4,64.9
SJC2602089,11/06/2026,91.1,43.4,55.1,55.8,62.0,20,6 hrs,csbs,III,yes,71.7,64.0,1,42.9
SJC2602020,2026-05-18,86.9,31.2,37.8,64.4,60.1,21,nine,A.D.S,2nd,N,,43.3,1,62.4
SJC2600772,03/05/2026,89.9,70.8,75.5,73.3,,22,eight,CSE,2,FALSE,71.3,75.1,4,91.3
SJC2602430,27/05/2026,93.2,62.2,81.1,75.0,69.9,21,9.8,AML,3rd,1,81.2,60.9,2,83.7
SJC2602141,2026-05-21,70.1,64.7,59.7,69.2,90.0,18,16, IT ,Third,0,66.2,59.8,4,59.7
SJC2600309,21/05/2026,71.8,,51.8,69.1,77.6,21,3 hrs,C.S.E,II,FALSE,85.7,45.4,0,34.8
SJC2602030,May 12 2026,100.0,76.1,61.7,71.0,84.1,24,11.4,aml,3,N,61.6,66.1,3,77.1
SJC2601341,23/05/2026,75.4,77.3,79.8,57.3,83.4,21,twelve,AML,3rd,Yes,,75.5,3,85.9
SJC2600490,2026-06-06,72.0,57.4,999.0,64.0,54.0,20,11,CSBS,Second,No,91.4,,2,56.2
SJC2600566,2026-05-20,90.7,45.4,55.3,96.2,59.3,22,12 hrs, IT ,II,no,59.9,53.8,3,65.0
SJC2600540,2026-05-21,66.8,55.4,35.5,62.1,50.2,18,7.4,A.D.S,2nd,True,67.9,41.4,3,35.6
SJC2600517,2026-05-15,78.7,60.1,50.7,67.9,68.9,20,  13.4 ,cyber,2,TRUE,69.9,54.8,2,68.9
SJC2600163,19/05/2026,77.4,77.0,78.4,78.7,98.0,20,ten,CSBS,2,Yes,62.4,79.8,3,88.7
SJC2601067,May 03 2026,60.1,41.4,24.3,68.7,58.2,21,7 hrs,it,2,0,66.0,39.1,4,21.2
SJC2602082,28/05/2026,92.9,38.9,55.5,83.3,76.1,22,9.4,it,2nd,1,84.1,62.5,3,68.1
SJC2601357,19/05/2026,75.4,64.1,53.3,85.2,52.0,20,three, IT ,2,no,54.5,59.7,0,58.4
SJC2601483,May 23 2026,79.8,67.6,64.5,60.4,,21,13 hrs,ads,2,N,60.1,63.7,0,84.8
SJC2600369,2026-05-05,89.0,49.2,36.0,50.5,58.3,20,  5.7 , AML ,2nd,Y,73.0,53.3,3,63.0
SJC2600053,2026-06-05,,54.0,52.2,75.7,,21,10.4,C.S.E,2nd,FALSE,66.8,53.4,2,62.0
SJC2600339,Jun 03 2026,70.1,40.4,74.5,80.1,72.6,22,  13.9 ,I.T,III,N,59.0,53.0,0,58.9
SJC2601763,2026-05-06,71.8,63.7,81.7,53.3,80.1,21,9,CSBS,2nd,Yes,58.3,69.5,1,60.9
SJC2602260,2026-05-09,75.5,,66.8,76.2,80.4,21,two,CSBS,2,N,93.2,67.2,1,55.6
SJC2600373,2026-05-14,76.7,,48.5,52.8,50.9,21,4,CYBER,II,False,87.9,39.3,1,34.4
SJC2600030,03/06/2026,75.4,54.6,74.6,63.0,,20,thirteen,AML,2,N,87.1,66.0,2,59.5
SJC2601005,Jun 10 2026,77.0,79.5,83.8,82.5,,22,nine, CSBS ,Second,N,75.9,77.8,3,91.1
SJC2602131,16/05/2026,54.5,76.3,73.6,59.6,98.0,18,eight,ads,II,Y,,75.5,4,63.6
SJC2602431,24/05/2026,66.9,68.5,62.6,60.8,62.7,20,nine,C.S.E,2,1,82.1,67.0,4,78.4
SJC2601145,May 16 2026,83.7,63.7,64.1,71.4,62.2,21,4 hrs,CSBS,II,N,50.1,,0,62.9
SJC2600692,2026-06-10,999.0,63.0,56.3,48.4,84.4,21,9.3,ads,Second,FALSE,81.8,,3,71.6
SJC2600497,10/06/2026,100.0,48.7,63.9,76.5,60.4,22,10, ADS ,3,0,78.9,63.4,0,74.6
SJC2601293,2026-06-13,88.7,57.0,53.8,74.3,66.6,18,6 hrs, CSE ,III,no,49.6,63.3,4,57.1
SJC2601429,May 25 2026,75.9,52.2,48.6,61.5,62.8,21,  9.9 ,ADS,III,yes,82.5,,0,65.9
SJC2601158,12/06/2026,83.5,60.3,74.1,73.8,60.8,21,  14.6 , ADS ,2nd,Yes,76.3,64.7,3,77.4
SJC2600097,May 09 2026,77.8,55.1,57.8,59.9,72.5,18,10,A.D.S,Second,FALSE,64.5,63.1,2,62.9
SJC2601313,03/06/2026,87.0,38.4,48.6,85.3,54.0,20,8.0,AML,3,Yes,53.6,51.5,4,57.6
SJC2601554,2026-05-22,77.3,49.3,64.3,54.1,,20,  11.5 ,IT,2nd,TRUE,69.1,63.0,3,55.0
SJC2600467,28/05/2026,74.6,,57.5,72.7,59.7,20,11.4,CYBER,II,No,68.5,41.3,0,42.1
SJC2602443,2026-05-10,65.8,83.9,71.2,54.4,74.6,21,three,AML,2,No,54.3,,1,76.5
SJC2601672,2026-06-10,150.0,58.8,57.8,91.9,72.7,22,  10.2 ,csbs,2nd,Yes,100.0,60.0,3,67.7
SJC2602252,May 30 2026,76.6,61.1,40.9,78.1,49.5,21,  8.4 ,IT,Second,no,79.3,57.1,2,65.7
SJC2601183,May 14 2026,68.2,86.4,84.8,70.8,65.6,21,  11.2 ,CSE,Third,False,88.9,81.1,4,87.0
SJC2602274,15/05/2026,80.2,56.2,54.3,86.7,76.6,20,3,CYBER,II,no,,57.2,2,69.7
SJC2601578,May 14 2026,86.2,57.5,62.9,85.3,61.6,20,8 hrs, CSBS ,2,False,71.5,65.4,3,84.3
SJC2600792,2026-05-14,58.3,33.9,37.4,59.4,45.6,20,  12.1 , Cyber ,2,FALSE,71.8,39.4,1,50.9
SJC2600833,26/05/2026,76.2,53.7,-1.0,64.7,45.6,20,7 hrs,Cyber,2,no,67.8,42.2,1,48.7
SJC2602132,May 21 2026,80.0,57.1,44.4,59.3,74.3,21,13 hrs,CSBS,2,TRUE,64.0,65.0,4,65.2
SJC2601558,May 24 2026,79.9,57.6,64.4,81.2,65.7,22,12,CSE,II,FALSE,77.9,48.2,3,78.6
SJC2600152,2026-05-26,88.2,56.0,58.9,66.5,53.3,22,  10.0 ,I.T,2,1,61.6,51.5,0,66.4
SJC2600793,18/05/2026,94.1,,36.2,82.5,59.8,24,  10.4 ,it,III,no,75.9,,2,47.8
SJC2601456,Jun 14 2026,87.8,59.3,48.4,76.0,,24,13.8,IT,2nd,no,,47.1,2,60.3
SJC2601411,30/05/2026,88.2,57.3,62.8,70.8,67.9,21,9.8,I.T,2,True,87.3,51.4,2,64.5
SJC2600327,15/06/2026,65.5,59.9,63.2,58.9,73.6,21,five, CSE ,2nd,no,76.8,58.9,1,47.7
SJC2600819,2026-05-10,72.9,79.0,72.8,63.7,88.1,24,twelve, ADS ,3rd,Y,63.0,61.1,4,78.3
SJC2600990,2026-05-12,71.5,,59.2,77.7,65.4,24,8,cyber,2,True,78.1,60.4,0,62.4
SJC2601136,Jun 13 2026,66.8,78.0,100.0,69.3,95.2,22,8,C.S.E,II,no,84.0,80.6,3,75.5
SJC2600470,07/05/2026,999.0,77.4,48.4,69.3,,24,13 hrs,cse,Third,N,56.2,53.5,2,53.8
SJC2600835,01/06/2026,60.2,52.7,59.9,44.9,80.3,20,9,ADS,3rd,Yes,78.4,62.3,2,58.7
SJC2600625,Jun 15 2026,80.9,37.8,45.5,65.4,61.3,20,5.7,IT,III,Y,98.6,53.7,0,54.5
SJC2600145,May 30 2026,62.4,68.4,68.2,85.4,70.9,22,11.0,it,Third,True,79.3,60.3,2,85.3
SJC2600898,May 31 2026,66.8,54.5,64.7,58.5,66.6,21,  7.6 ,C.S.B.S,3,No,67.1,,3,68.0
SJC2601110,May 16 2026,93.8,46.9,-1.0,78.4,45.9,24,13,cse,II,0,91.0,,0,73.5
SJC2601760,May 07 2026,,56.2,47.7,80.2,69.8,20,  8.1 ,CYBER,2,0,100.0,53.9,2,60.1
SJC2601356,2026-05-14,79.2,70.0,73.6,71.6,62.8,22,9, AML ,III,no,,72.9,1,70.7
SJC2601105,12/05/2026,62.6,70.5,76.0,47.5,74.0,22,  7.8 ,A.M.L,2nd,no,67.4,75.4,3,76.9
SJC2601416,09/06/2026,86.8,73.6,75.3,51.4,74.2,20,five,IT,2nd,True,85.6,70.9,1,71.2
SJC2602385,2026-05-21,94.7,60.3,83.3,89.8,78.0,22,12.0,AML,2nd,No,70.4,75.5,1,86.8
SJC2602434,2026-05-30,86.0,58.1,46.6,78.4,88.0,20,12 hrs, ADS ,II,No,,53.8,0,68.2
SJC2601129,19/05/2026,85.0,63.3,57.4,70.3,,18,10 hrs,Cyber,II,no,94.8,59.5,0,76.5
SJC2601470,2026-05-16,,42.0,999.0,57.1,61.3,18,10 hrs, ADS ,2,FALSE,84.1,51.4,4,62.3
SJC2601635,03/05/2026,61.1,46.8,64.5,69.8,53.5,20,  8.2 ,C.S.B.S,II,No,64.6,49.9,4,59.1
SJC2602426,May 09 2026,71.1,55.1,50.4,90.3,62.3,20,11 hrs,CSBS,II,yes,83.2,49.6,3,68.0
SJC2600248,03/05/2026,100.0,58.9,42.4,79.0,64.3,22,8.8,A.D.S,2nd,False,59.4,34.3,2,44.8
SJC2601853,08/06/2026,84.5,64.6,61.2,81.0,86.6,20,  13.4 ,aml,II,True,73.7,78.2,3,97.4
SJC2601611,May 09 2026,,55.7,60.3,70.6,68.9,20,14,ADS,3,N,91.9,61.9,2,73.0
SJC2600612,02/06/2026,82.2,66.6,57.0,92.4,60.4,20,  13.8 ,CSBS,II,Yes,70.3,44.7,0,67.4
SJC2601744,2026-05-12,79.9,69.6,80.5,71.6,76.3,22,11, IT ,2,Yes,,76.2,3,81.2
SJC2601448,2026-05-31,89.0,46.2,66.8,82.3,,20,  9.8 , AML ,Third,False,83.0,57.8,0,54.7
SJC2600794,May 21 2026,82.4,,66.4,58.0,53.8,21,eight, ADS ,Third,Y,81.4,52.2,1,65.2
SJC2602193,2026-05-27,92.7,50.8,65.8,73.9,75.3,18,11 hrs,ads,Third,True,82.5,64.5,3,65.0
SJC2600052,15/05/2026,90.9,55.0,69.0,75.9,,20,  14.7 ,cse,II,no,97.5,51.2,3,90.1
SJC2601643,Jun 09 2026,58.5,78.2,50.6,100.0,82.7,20,  6.8 ,ads,2nd,No,91.7,83.1,0,56.6
SJC2601613,2026-05-15,71.6,,63.9,60.1,,20,six, CSE ,2,0,59.0,72.8,1,74.8
SJC2601947,May 30 2026,98.7,71.2,73.7,75.2,86.8,20,4, IT ,2,FALSE,80.7,69.0,4,78.3
SJC2602488,20/05/2026,70.3,62.9,69.4,57.4,56.0,21,  8.7 ,aml,2,yes,,52.1,0,60.7
SJC2601651,May 25 2026,49.9,46.7,61.9,39.9,85.5,22,13,AML,2,Y,75.0,61.1,1,45.3
SJC2601985,2026-05-08,,54.2,85.9,53.1,81.6,24,fourteen,CYBER,2,No,93.0,71.1,3,78.2
SJC2600887,01/06/2026,79.8,79.9,66.9,67.2,73.8,21,9, Cyber ,3rd,True,82.3,60.0,2,77.9
SJC2601161,28/05/2026,86.0,66.4,67.1,61.9,74.5,21,10, IT ,Third,yes,79.0,,4,91.0
SJC2601434,2026-05-24,86.5,44.2,41.6,76.7,51.5,24,  8.8 , CSBS ,2,Yes,57.0,65.5,3,59.6
SJC2601755,04/06/2026,69.4,69.5,64.9,76.4,70.8,22,6, Cyber ,3,TRUE,67.7,66.3,4,56.2
SJC2601647,26/05/2026,58.0,59.5,48.6,62.0,59.2,21,13.8,C.S.B.S,2nd,N,87.4,,2,75.0
SJC2600779,05/05/2026,63.5,52.9,48.9,67.6,66.1,24,7 hrs,A.D.S,3rd,N,79.3,61.7,1,55.8
SJC2600049,29/05/2026,74.3,48.4,58.9,60.0,58.4,20,9,A.D.S,Second,Yes,86.9,53.2,1,63.2
SJC2600886,07/05/2026,73.9,53.4,54.8,77.7,65.8,24,ten, Cyber ,2,1,77.4,61.9,4,60.9
SJC2601984,2026-05-26,76.5,41.7,43.2,85.5,66.0,20,twelve, CSBS ,2,True,71.5,55.7,1,64.5
SJC2600980,06/05/2026,67.7,66.8,73.7,75.1,84.5,21,19 hrs, CSE ,Second,no,72.9,51.3,3,74.5
SJC2602277,29/05/2026,999.0,63.0,49.7,84.4,75.1,24,8,cyber,2,N,67.6,50.8,3,72.4
SJC2600464,13/05/2026,86.8,66.6,58.3,66.3,71.1,24,5 hrs,A.D.S,3,no,98.6,,4,89.9
SJC2601675,22/05/2026,68.3,47.2,55.7,54.3,79.5,21,ten,cse,2,1,75.6,,4,62.6
SJC2602263,May 19 2026,84.7,53.9,56.7,82.6,68.4,21,eleven,ADS,2nd,False,82.9,55.7,2,87.2
SJC2601503,May 27 2026,81.4,,67.5,52.3,57.1,20,  12.3 ,ADS,II,False,49.9,59.3,3,60.2
SJC2602095,07/05/2026,,56.3,71.9,81.7,63.8,22,13 hrs, CSBS ,Second,yes,73.8,,3,88.8
SJC2602220,06/06/2026,64.7,,31.1,60.1,62.1,21,15 hrs,ADS,2,No,,53.3,1,63.2
SJC2602450,05/05/2026,76.2,43.4,48.5,100.0,55.2,20,one,CSBS,3,no,83.7,51.1,3,49.3
SJC2602219,2026-05-11,79.4,60.4,77.5,64.6,,20,11.1,AML,Second,1,74.6,69.4,1,90.0
SJC2600586,05/06/2026,84.8,45.4,55.0,47.6,51.5,24,  11.1 ,cse,2,No,72.1,,3,53.1
SJC2601153,2026-06-01,73.1,94.5,74.7,81.1,66.7,22,11,C.S.B.S,II,FALSE,43.3,,2,67.4
SJC2602122,Jun 06 2026,90.7,52.8,59.3,-30.0,64.0,20,7.8,aml,II,N,60.2,46.6,1,55.9
SJC2601352,27/05/2026,66.4,60.5,67.3,67.6,67.7,20,  9.7 , Cyber ,III,0,,,0,65.9
SJC2600182,11/05/2026,89.2,75.7,69.5,65.4,81.7,18,11,AML,3,Yes,81.3,75.4,4,87.6
SJC2600821,15/06/2026,999.0,53.7,69.8,83.9,,21,12,Cyber,Third,FALSE,42.5,53.8,1,53.8
SJC2600556,Jun 07 2026,80.0,54.4,52.3,60.1,68.4,20,7.5,C.S.E,3rd,N,71.8,66.5,4,62.1
SJC2600727,May 13 2026,55.5,55.8,56.7,62.5,,24,  10.2 , CSBS ,2,1,69.3,66.5,4,65.7
SJC2600305,11/06/2026,,56.3,51.2,71.2,55.4,21,five,CSE,III,No,85.8,69.5,3,63.2
SJC2600389,06/06/2026,71.7,79.3,70.5,76.6,75.7,22,six, AML ,2nd,yes,,,0,69.4
SJC2601026,07/05/2026,75.0,59.5,65.8,59.6,72.9,22,seven,A.D.S,3,FALSE,100.0,61.7,3,71.3
SJC2600763,03/05/2026,93.4,40.9,59.1,45.1,64.9,20,  4.4 ,AML,2nd,yes,83.6,57.4,2,52.2
SJC2600334,03/06/2026,96.6,81.3,999.0,68.1,91.3,21,  20.0 ,it,Second,No,,,3,100.0
SJC2602378,May 10 2026,78.4,57.6,58.4,60.3,59.0,18,14 hrs, ADS ,III,no,67.3,46.8,4,58.4
SJC2601641,24/05/2026,75.5,69.3,63.4,72.3,74.0,22,eleven,it,Second,FALSE,71.3,71.9,2,78.6
SJC2602473,2026-06-14,82.0,78.5,53.7,9999.0,74.7,20,twelve,I.T,Second,N,74.4,78.1,4,77.6
SJC2601829,Jun 11 2026,64.6,49.6,48.4,81.1,70.4,20,  16.8 ,ads,Second,N,68.0,54.8,3,68.3
SJC2600776,May 15 2026,89.0,67.7,51.5,67.5,68.0,21,5,it,2,yes,64.5,53.8,0,51.4
SJC2600699,2026-05-03,81.6,66.4,73.7,68.4,57.1,20,8,C.S.E,2,1,66.0,65.5,0,77.6
SJC2601893,2026-05-26,79.8,66.0,70.2,60.6,64.5,21,17,it,Second,yes,60.0,73.0,3,90.8
SJC2600307,Jun 08 2026,74.7,,66.0,72.3,61.1,21,11.9,I.T,3,1,73.4,78.7,3,76.5
SJC2601166,2026-06-06,-5.0,64.4,70.9,66.4,85.5,22,fourteen,ADS,Second,0,82.9,58.4,2,93.0
SJC2602170,25/05/2026,92.5,65.7,999.0,69.8,76.9,21,17.0,IT,Second,no,62.7,57.0,4,91.0
SJC2602052,24/05/2026,95.4,84.7,89.6,70.7,83.1,22,3.0,CSE,Second,True,70.9,87.7,1,90.3
SJC2601593,15/06/2026,85.1,,999.0,76.7,62.2,20,9.5,C.S.B.S,2,Y,80.3,47.6,1,44.6
SJC2600251,27/05/2026,75.1,57.1,66.0,65.0,52.3,20,13 hrs,aml,2nd,False,74.0,52.2,4,61.1
SJC2602164,Jun 07 2026,150.0,58.7,73.9,58.0,67.0,18,6,C.S.E,Second,N,94.2,69.8,0,73.4
SJC2602039,27/05/2026,65.2,53.4,63.2,87.2,59.0,21,  8.7 ,cse,II,no,92.3,61.5,1,58.1
SJC2601438,2026-05-26,83.1,59.6,60.3,46.9,86.5,24,9.7, CSE ,Second,No,82.0,75.6,0,73.1
SJC2600514,Jun 01 2026,100.0,50.8,38.1,72.7,55.4,22,13,aml,2,no,95.7,63.1,3,73.0
SJC2602291,02/06/2026,85.7,53.1,58.5,84.3,69.4,21,10.0, CSBS ,2,N,100.0,61.0,0,76.3
SJC2601042,24/05/2026,74.9,41.0,54.1,72.4,43.6,18,16 hrs,AML,II,False,66.4,51.3,0,70.5
SJC2601910,2026-06-08,76.1,77.4,60.3,60.9,91.5,22,7,AML,2nd,Y,71.1,65.2,0,58.6
SJC2602486,16/05/2026,83.8,,52.6,75.0,60.5,20,11 hrs,CSBS,2nd,1,57.9,64.2,1,83.3
SJC2600858,08/06/2026,79.9,62.3,66.0,52.9,,22,eleven, ADS ,2,TRUE,58.9,67.7,0,76.2
SJC2600431,23/05/2026,71.5,60.2,74.0,49.6,72.3,20,5 hrs,cse,II,1,67.8,62.7,3,52.1
SJC2601946,2026-06-12,100.0,60.7,56.6,86.0,63.8,22,5.1,C.S.B.S,III,True,98.5,62.7,3,79.0
SJC2601447,24/05/2026,,59.8,39.2,59.7,45.4,21,  13.3 , IT ,Second,True,69.5,56.1,1,56.3
SJC2601693,May 23 2026,79.5,67.5,78.4,74.5,64.7,22,  7.4 ,C.S.E,III,True,72.4,60.0,3,81.5
SJC2600900,19/05/2026,100.0,59.3,74.9,72.9,75.5,20,nine,AML,2,yes,66.4,66.3,1,76.5
SJC2600454,May 21 2026,88.4,70.2,74.8,69.1,81.1,20,  9.5 ,it,Third,no,85.3,66.9,4,92.9
SJC2600569,Jun 10 2026,70.1,60.1,66.4,84.6,59.4,20,nine,cyber,2nd,0,79.1,57.3,0,60.6
SJC2601857,2026-05-18,100.0,44.6,59.7,70.9,52.3,22,  0.5 ,ads,2,Y,59.2,57.2,2,52.1
SJC2600340,May 24 2026,65.1,58.9,39.6,64.8,46.5,20,8 hrs,CSE,III,N,52.0,55.7,1,44.5
SJC2600552,13/05/2026,62.2,39.6,49.8,73.7,78.0,22,8.8,CSBS,II,Y,75.5,54.4,0,61.1
SJC2601469,2026-06-02,,70.0,59.3,68.1,53.0,21,9,ads,Second,FALSE,64.9,61.9,1,74.0
SJC2601399,2026-05-10,85.0,,81.3,56.3,93.9,22,8 hrs,A.D.S,2nd,0,59.7,100.0,2,99.5
SJC2601885,06/05/2026,63.4,63.9,78.5,78.3,77.4,20,fourteen,AML,3rd,True,64.1,,0,89.1
SJC2600939,May 12 2026,93.8,39.5,25.1,62.1,49.4,21,eight,CYBER,2,True,76.3,38.5,3,38.2
SJC2601385,2026-05-11,80.0,,48.2,58.9,52.4,20,13 hrs, ADS ,II,FALSE,65.8,54.2,3,68.1
SJC2601603,16/05/2026,,67.4,64.1,79.4,65.1,20,eleven,Cyber,III,True,,90.2,3,99.6
SJC2600547,13/06/2026,91.7,57.8,56.1,72.9,48.4,21,7,AML,3rd,Yes,57.6,53.8,2,67.1
SJC2601811,06/06/2026,65.0,27.8,29.2,90.9,41.5,21,twelve,cse,2nd,Yes,79.3,,3,55.6
SJC2602217,02/05/2026,84.1,57.6,54.8,66.2,74.4,22,8,CYBER,II,False,56.8,62.2,2,79.8
SJC2601534,2026-06-15,74.1,68.0,72.7,51.5,74.7,21,thirteen,AML,2,TRUE,,65.6,1,59.9
SJC2602448,12/06/2026,77.2,73.3,58.2,61.2,70.4,21,thirteen, CSBS ,2,TRUE,58.7,71.3,2,59.0
SJC2600897,2026-05-26,72.0,74.4,71.9,80.9,73.4,22,  3.9 ,A.M.L,II,Y,85.9,55.4,0,58.6
SJC2600734,2026-05-11,73.6,65.3,49.2,58.2,54.5,18,  8.2 ,A.D.S,3rd,N,100.0,60.7,3,74.2
SJC2602118,2026-06-12,71.1,71.1,53.4,70.1,77.1,22,8.1,IT,2nd,0,67.3,62.8,3,84.0
SJC2602007,May 28 2026,76.8,68.3,78.1,79.0,70.0,21,8 hrs, CSE ,3,no,,55.3,0,74.5
SJC2601815,02/05/2026,78.0,73.3,79.7,71.2,83.3,20,twelve, CSE ,2nd,FALSE,67.4,76.1,1,98.2
SJC2600218,2026-05-09,86.7,67.5,64.2,88.3,62.1,21,  3.1 ,A.M.L,Second,True,83.2,66.8,3,94.6
SJC2602300,May 29 2026,95.5,59.7,57.1,70.2,68.6,22,five,IT,2,TRUE,70.1,59.6,0,54.6
SJC2602428,2026-05-03,,62.6,-1.0,60.7,73.2,20,  7.5 ,CSBS,3rd,False,79.6,62.2,2,59.9
SJC2600853,May 07 2026,74.9,56.0,62.4,58.4,66.3,24,3,it,II,yes,59.4,42.5,1,45.9
SJC2601506,2026-05-02,70.0,62.9,63.0,54.1,72.0,24,8,I.T,Second,TRUE,96.7,49.7,2,63.1
SJC2601552,Jun 01 2026,80.5,47.4,59.5,78.9,56.4,18,5 hrs,cyber,3,0,71.0,45.8,1,54.0
SJC2602040,2026-05-31,80.8,28.5,37.2,76.2,57.6,20,12 hrs,cse,II,0,71.6,58.1,4,63.5
SJC2601841,2026-06-15,83.1,61.4,66.9,67.8,71.2,20,12 hrs,AML,2,1,77.9,50.8,4,72.8
SJC2600700,Jun 14 2026,88.8,51.6,49.9,87.5,75.0,20,fourteen,cyber,2nd,1,74.4,57.6,3,76.4
SJC2600775,2026-05-03,,56.2,62.6,92.5,55.6,20,8 hrs,Cyber,Second,N,96.8,57.3,4,81.7
SJC2601796,04/06/2026,,63.4,58.3,74.8,67.2,18,9 hrs,A.M.L,II,FALSE,92.4,52.4,3,63.6
SJC2601007,2026-05-24,50.7,53.4,51.2,58.8,63.5,22,ten, ADS ,2,1,69.4,44.2,4,52.8
SJC2601943,Jun 01 2026,93.1,70.1,50.4,90.2,,21,7.7,ADS,3rd,no,66.6,71.4,3,61.8
SJC2602383,2026-05-06,85.3,76.3,61.0,66.3,73.5,22,twelve,Cyber,2,no,77.3,51.6,3,72.6
SJC2602158,19/05/2026,92.9,53.6,74.9,86.7,72.0,20,eleven, CSE ,2,Yes,95.2,74.8,1,85.2
SJC2600895,01/06/2026,89.4,73.7,60.6,59.4,81.3,24,fourteen, CSE ,2,True,,77.6,3,90.8
SJC2600603,2026-06-13,96.0,59.7,39.9,75.5,75.6,21,ten,C.S.E,2,0,78.8,44.7,0,60.6
SJC2600993,May 21 2026,56.1,47.3,999.0,57.6,59.7,21,19 hrs,CSE,II,Yes,59.3,48.4,2,50.9
SJC2600663,12/06/2026,,61.6,72.3,70.7,,18,9 hrs,cse,2,FALSE,,49.5,1,71.1
SJC2600068,2026-05-13,79.9,,31.1,73.7,61.2,20,6,A.M.L,II,FALSE,60.6,56.6,3,37.3
SJC2601112,May 13 2026,98.5,67.0,69.5,55.3,68.5,22,  2.4 , ADS ,2nd,No,68.2,71.0,0,74.2
SJC2601474,2026-05-10,,,55.6,81.3,53.5,22,9 hrs,C.S.B.S,II,True,92.7,37.8,2,54.2
SJC2600439,13/06/2026,73.0,56.6,68.0,-30.0,73.5,20,7 hrs,C.S.E,Second,Y,64.8,68.1,4,63.8
SJC2600601,08/06/2026,90.3,60.0,44.7,66.1,56.7,20,five, CSBS ,2,FALSE,70.1,61.7,2,47.8
SJC2600361,2026-05-26,64.9,57.2,62.2,78.9,71.2,24,  4.3 ,CSBS,2nd,no,56.9,55.0,4,53.0
SJC2600761,May 26 2026,97.5,52.7,65.7,76.0,70.3,21,  9.9 ,A.D.S,2nd,TRUE,,52.1,4,60.6
SJC2600650,15/05/2026,66.5,66.7,71.9,69.3,,18,9.0, Cyber ,II,N,,74.9,1,73.0
SJC2602380,May 02 2026,82.8,51.1,60.9,9999.0,61.2,20,16,A.M.L,2,yes,100.0,46.4,1,81.9
SJC2600884,28/05/2026,88.9,55.5,60.4,63.0,62.6,21,17,ADS,Second,Y,80.9,66.2,3,68.1
SJC2602109,Jun 04 2026,79.6,64.6,61.2,59.1,75.3,20,  7.6 ,cse,3,FALSE,88.5,69.2,3,79.4
SJC2602494,12/06/2026,84.7,,71.3,69.8,72.9,21,9,C.S.E,II,True,79.2,64.8,2,77.0
SJC2601185,09/06/2026,100.0,52.4,54.9,63.9,64.9,20,10,C.S.B.S,II,yes,77.9,49.5,3,69.1
SJC2601479,2026-05-03,82.9,50.0,57.7,68.0,49.0,21,4.2,CSBS,II,Yes,81.0,55.1,4,66.5
SJC2601302,2026-05-04,71.4,71.2,77.2,61.0,72.6,22,9.7, ADS ,II,Y,66.7,,2,81.5
SJC2601822,2026-05-18,80.0,59.5,65.1,70.9,68.6,22,7,cyber,Second,no,88.7,75.7,1,77.9
SJC2601680,01/06/2026,76.4,,51.0,68.9,60.9,18,  12.3 ,IT,2nd,0,75.5,,3,57.0
SJC2602257,May 04 2026,74.6,61.8,63.9,71.9,59.4,18,  8.3 ,A.D.S,2nd,1,60.6,69.8,2,79.4
SJC2601730,May 24 2026,,35.0,27.3,76.9,58.9,21,eleven,CSE,2,yes,57.7,51.0,1,66.8
SJC2600709,2026-05-09,73.2,64.1,67.6,70.0,82.3,20,14, AML ,2,Y,70.8,74.1,3,84.9
SJC2602197,2026-05-21,78.7,69.5,70.8,73.5,75.1,20,  11.0 ,cyber,II,No,96.9,77.4,0,83.7
SJC2600733,07/05/2026,89.2,64.0,73.7,64.5,57.5,21,8 hrs,aml,2,False,78.1,,4,85.3
SJC2601787,May 22 2026,84.5,49.6,77.5,67.5,63.3,18,fifteen, CSE ,2,no,77.2,45.3,4,73.1
SJC2601823,18/05/2026,77.7,67.0,66.9,89.0,59.2,21,13,C.S.E,Second,TRUE,82.5,,3,89.0
SJC2601764,Jun 11 2026,80.2,68.2,85.3,77.7,70.6,20,10,I.T,Second,True,82.4,80.1,0,83.0
SJC2600205,12/05/2026,84.3,,69.3,66.4,76.9,18,7 hrs,cse,II,TRUE,83.1,77.3,2,82.3
SJC2600475,2026-06-04,74.6,55.2,67.1,54.5,,22,12 hrs,Cyber,Second,TRUE,57.1,58.1,0,60.2
SJC2600649,May 05 2026,80.0,,50.5,93.7,65.3,20,  6.6 ,IT,Second,False,66.7,51.5,0,55.8
SJC2600428,21/05/2026,,,60.4,52.3,75.4,22,  13.9 ,AML,2,Y,75.6,53.0,4,75.3
SJC2600229,May 15 2026,77.9,41.6,51.6,67.9,64.3,20,4,ads,3rd,1,,64.4,3,57.6
SJC2600478,May 13 2026,96.2,33.8,32.4,78.6,72.8,24,18 hrs,ads,Second,N,54.8,50.7,3,81.2
SJC2602169,21/05/2026,75.1,68.4,52.1,86.5,75.2,21,eight,AML,2,1,46.8,58.5,1,51.0
SJC2602491,2026-05-02,89.3,62.8,72.4,95.8,70.5,21,  13.1 ,I.T,Second,No,91.6,73.2,2,84.4
SJC2601127,May 31 2026,86.5,67.3,59.5,85.7,,22,12,ads,2nd,False,53.8,61.5,1,61.6
SJC2602289,31/05/2026,80.2,52.7,70.3,100.0,78.4,22,  12.3 ,I.T,Second,0,83.6,49.5,4,76.8
SJC2601439,20/05/2026,75.3,53.2,50.7,83.7,,18,7 hrs, ADS ,Third,No,92.2,55.0,4,64.6
SJC2601714,2026-05-21,81.8,41.7,46.0,61.4,,21,5.8, IT ,2,0,85.0,54.4,2,63.5
SJC2600348,2026-06-07,72.3,,53.4,72.4,60.1,24,11.8,cse,II,FALSE,74.6,45.8,4,51.1
SJC2601699,03/06/2026,54.5,61.8,65.2,64.6,63.6,18,13.7,Cyber,Second,no,76.3,57.7,2,60.3
SJC2601396,Jun 08 2026,100.0,69.6,55.2,96.1,,20,  3.4 ,cyber,Third,True,75.5,52.4,0,69.9
SJC2601381,May 19 2026,64.9,64.4,72.8,84.4,78.3,22,9.6,CSBS,2nd,FALSE,46.0,66.5,2,74.5
SJC2601971,2026-05-08,81.9,72.1,999.0,59.2,,20,5, ADS ,Second,Y,65.9,64.9,4,50.0
SJC2600852,03/05/2026,92.2,47.9,55.6,65.5,70.1,20,5,C.S.B.S,2,Y,76.9,60.7,4,66.5
SJC2601097,2026-06-15,68.1,54.7,57.4,68.5,79.5,21,ten,AML,2,False,72.4,67.2,4,61.2
SJC2600743,May 05 2026,83.0,56.4,61.2,68.5,78.6,18,2.0,IT,2,TRUE,100.0,61.8,4,73.6
SJC2602338,2026-05-04,92.8,55.0,39.0,74.4,75.6,21,  6.6 ,CSE,2,True,67.6,,3,41.2
SJC2600185,Jun 09 2026,92.0,53.9,58.5,94.3,64.9,20,eight,C.S.B.S,Second,TRUE,67.0,64.6,4,70.1
SJC2600718,May 25 2026,68.3,56.3,58.3,68.8,84.6,22,  13.1 ,ADS,Second,TRUE,61.2,64.2,1,85.8
SJC2600236,06/06/2026,,47.7,54.9,9999.0,58.4,21,9.1,ads,3,1,92.2,53.3,2,93.8
SJC2601861,May 24 2026,77.3,,57.1,75.2,57.5,20,8 hrs,AML,2nd,no,68.2,54.4,0,83.2
SJC2600615,2026-05-04,,,62.7,44.0,84.0,22,7.5,A.D.S,Second,N,65.0,69.7,3,70.1
SJC2601557,2026-06-09,92.0,76.3,65.4,85.2,67.1,22,7, Cyber ,2nd,1,86.6,53.2,3,71.3
SJC2600491,May 26 2026,85.5,68.2,63.2,-30.0,67.7,22,4.1,CSBS,2nd,1,60.0,68.9,3,73.9
SJC2601677,19/05/2026,94.0,51.6,60.0,58.6,51.8,20,thirteen, IT ,2nd,TRUE,84.1,,4,63.4
SJC2601783,May 16 2026,100.0,60.9,43.4,82.7,47.8,21,six,it,2,0,92.0,,0,64.9
SJC2602466,May 10 2026,56.0,66.9,39.2,72.3,71.1,20,10 hrs,Cyber,II,no,65.2,61.3,2,57.0
SJC2600786,May 22 2026,999.0,56.8,56.5,76.7,83.7,22,6,csbs,3,yes,65.0,80.4,3,71.9
SJC2602309,27/05/2026,90.1,43.4,60.3,80.8,,21,  13.4 ,csbs,III,FALSE,69.4,54.5,1,70.3
SJC2602128,17/05/2026,74.3,68.4,59.6,71.8,74.4,21,  7.8 , ADS ,3rd,1,74.1,,3,82.0
SJC2600788,2026-06-06,93.4,75.4,70.2,75.8,68.7,18,  10.7 ,CSBS,Second,0,,66.0,3,83.9
SJC2600418,08/05/2026,86.2,55.7,69.2,68.6,70.7,20,11 hrs,ADS,Second,N,,71.3,1,71.2
SJC2600427,07/05/2026,92.9,40.3,-1.0,60.0,,18,10.5, IT ,2nd,no,69.7,56.0,4,53.9
SJC2602287,02/06/2026,70.6,43.8,45.1,67.5,70.7,22,eight, AML ,II,0,79.1,53.2,3,47.0
SJC2600760,05/06/2026,70.3,48.0,47.5,81.5,59.8,22,  9.6 ,CYBER,3,Y,67.6,53.2,0,69.0
SJC2601600,03/06/2026,88.5,63.8,59.2,90.9,65.8,24,10, Cyber ,Second,False,99.4,56.8,2,66.5
SJC2600306,2026-06-10,62.9,50.6,48.6,70.4,76.8,24,  5.8 ,cyber,2nd,No,,58.2,4,51.3
SJC2601459,Jun 14 2026,81.8,59.2,61.4,79.5,46.6,21,  4.3 , CSE ,2nd,yes,78.0,61.2,0,52.8
SJC2601981,2026-06-02,97.8,65.7,72.5,59.3,98.0,21,5,A.M.L,3rd,0,79.2,80.3,3,79.5
SJC2602261,09/06/2026,58.8,57.4,70.1,64.7,81.9,22,17, IT ,2,0,100.0,79.4,2,81.6
SJC2600860,2026-05-22,78.4,65.6,56.4,61.2,59.7,18,nine,A.D.S,Second,yes,89.5,57.3,1,63.7
SJC2601604,24/05/2026,79.0,42.6,69.5,60.5,60.0,21,twelve,ADS,2nd,0,63.3,65.0,2,57.6
SJC2601476,16/05/2026,88.3,65.4,44.7,75.7,53.1,21,  12.3 ,CSBS,2,True,60.8,62.3,0,55.2
SJC2602055,May 03 2026,73.7,54.7,34.7,81.4,35.0,21,12.8,ads,II,True,90.3,54.6,3,50.9
SJC2602154,27/05/2026,90.6,,69.7,90.5,68.6,22,4 hrs,it,Second,yes,89.1,49.7,0,57.8
SJC2601272,08/05/2026,66.2,58.6,61.5,81.0,,22,  11.2 ,A.M.L,II,yes,71.4,66.7,1,77.4
SJC2601305,2026-05-08,78.7,,65.7,88.2,73.8,22,nine, ADS ,2nd,no,80.2,58.5,3,53.6
SJC2601876,May 05 2026,75.0,60.0,72.9,61.0,53.9,21,  5.8 ,IT,II,1,56.8,,1,54.7
SJC2602407,2026-06-03,91.5,48.6,55.4,80.7,66.9,20,eleven, CSBS ,2nd,no,66.2,48.3,4,62.9
SJC2600429,May 27 2026,75.2,68.7,61.2,77.1,80.2,20,  8.4 ,A.M.L,Second,no,75.2,73.5,2,77.9
SJC2601638,27/05/2026,,62.6,56.4,85.1,63.2,18,  9.0 ,I.T,II,True,61.9,,1,72.1
SJC2602156,2026-05-31,87.8,,73.9,72.3,65.2,18,8,cse,2nd,No,70.7,45.2,0,57.4
SJC2601969,Jun 13 2026,84.6,42.7,48.7,51.8,69.2,22,  9.3 ,AML,2nd,N,91.0,68.0,4,59.2
SJC2600906,13/06/2026,80.3,56.5,57.5,69.7,,20,10,ADS,2,no,58.9,,2,57.9
SJC2601657,2026-05-21,89.2,74.3,52.2,67.4,,22,7 hrs,IT,3,FALSE,72.4,67.0,1,72.3
SJC2601349,2026-06-10,66.4,,61.0,66.1,76.3,22,12 hrs,A.M.L,2,Y,68.1,57.0,1,66.1
SJC2602357,09/06/2026,47.9,68.7,76.4,97.2,85.7,21,  8.2 ,IT,Second,False,66.5,66.4,3,76.0
SJC2600335,2026-05-22,,80.0,999.0,59.3,91.3,22,16 hrs,aml,Second,No,85.0,63.8,4,99.0
SJC2601275,2026-06-14,76.5,45.0,-1.0,64.2,70.6,24,6.7,csbs,Second,False,92.3,63.3,4,61.7
SJC2602166,13/05/2026,79.2,83.4,77.2,81.6,70.7,22,14 hrs,CYBER,3rd,Y,71.7,68.6,2,82.6
SJC2601247,17/05/2026,79.2,55.0,51.9,76.6,52.7,20,6.0,cyber,3,1,77.0,58.1,0,47.8
SJC2601180,Jun 09 2026,85.0,,45.3,97.9,62.7,21,7 hrs,aml,II,no,71.6,46.9,1,51.1
SJC2600138,14/05/2026,88.4,38.9,52.6,62.9,,21,13.6,cyber,III,1,67.3,,2,53.8
SJC2601737,2026-06-15,,50.7,57.0,52.4,60.3,20,nine, CSBS ,II,Y,70.5,54.9,3,55.6
SJC2600797,2026-06-03,75.9,41.1,48.4,67.2,64.9,22,17 hrs, CSBS ,3,1,89.0,29.5,2,54.5
SJC2601023,May 29 2026,81.0,59.7,39.9,77.6,59.9,24,5 hrs,CSBS,II,yes,87.9,43.3,1,43.4
SJC2600081,May 27 2026,91.1,66.2,71.0,93.9,86.1,21,11.5,cyber,2nd,FALSE,81.4,64.9,0,100.0
SJC2602150,2026-06-02,92.4,68.7,60.2,73.7,72.5,22,ten,A.M.L,Second,TRUE,75.3,64.1,3,73.2
SJC2602273,May 08 2026,97.2,59.2,59.8,78.0,72.9,22,17.8, CSBS ,Third,True,100.0,73.9,3,100.0
SJC2600481,2026-05-19,81.1,81.6,91.8,66.0,89.9,21,thirteen,I.T,III,yes,73.8,79.3,4,83.9
SJC2600984,2026-06-04,100.0,58.3,53.8,88.0,60.0,21,2,aml,3,N,56.1,48.7,4,55.0
SJC2600329,29/05/2026,91.7,43.4,50.2,79.8,57.5,21,11 hrs,A.D.S,2,False,98.4,48.8,0,71.7
SJC2601976,02/06/2026,79.7,58.1,51.4,72.3,64.5,18,  0.0 ,ads,2nd,TRUE,100.0,55.5,0,62.4
SJC2600375,2026-06-13,73.0,71.8,46.4,81.5,73.6,21,  16.7 ,C.S.B.S,II,True,,63.5,1,68.6
SJC2601591,2026-05-09,79.8,29.6,47.5,56.5,61.7,20,4 hrs,I.T,II,Yes,89.3,51.4,3,41.2
SJC2600012,06/06/2026,999.0,53.4,58.3,-30.0,64.8,21,  8.8 , AML ,3,N,92.2,,3,69.2
SJC2600303,2026-05-14,83.0,67.3,62.2,62.7,83.1,20,  7.1 ,AML,Second,FALSE,66.3,,2,59.1
SJC2600967,May 05 2026,75.9,67.1,53.2,67.6,77.2,20,8,CSBS,Second,no,100.0,,4,70.1
SJC2602294,2026-06-14,87.6,58.3,45.7,86.7,70.8,24,13.6,it,3,Yes,58.6,55.6,1,74.1
SJC2600119,Jun 06 2026,70.4,76.0,86.8,72.4,95.8,21,12.4,CYBER,II,0,65.6,78.9,3,93.6
SJC2601151,12/05/2026,76.5,84.5,56.7,77.5,63.0,21,6,CYBER,2nd,Yes,71.0,59.8,4,46.7
SJC2600994,2026-05-18,,,57.7,9999.0,64.1,18,14.4,IT,3rd,False,82.7,73.3,0,81.8
SJC2602073,2026-05-13,,55.8,48.7,78.7,71.7,18,5.8,A.D.S,Third,True,73.8,57.6,4,52.5
SJC2601566,22/05/2026,76.2,42.4,47.0,78.8,,22,13 hrs,C.S.E,2,No,63.9,49.2,3,79.4
SJC2601954,Jun 08 2026,81.2,,35.8,65.8,47.1,20,eight,cse,2nd,No,66.1,50.7,4,48.5
SJC2601263,2026-05-05,-5.0,85.8,65.4,76.3,64.8,18,10,A.M.L,2,no,100.0,,4,93.8
SJC2602019,May 02 2026,76.5,72.4,68.3,75.3,74.3,22,  5.5 ,AML,2,yes,59.5,76.5,1,71.4
SJC2600379,2026-06-08,82.0,59.8,70.3,83.9,67.6,22,thirteen,ADS,2,no,92.5,71.1,4,69.8
SJC2602114,May 26 2026,,85.8,91.8,54.3,98.0,18,16,ads,Third,TRUE,71.1,79.0,4,100.0
SJC2600722,2026-06-07,73.8,50.8,76.1,43.6,74.7,24,twelve,aml,2,False,64.6,55.9,0,37.2
SJC2600110,18/05/2026,82.3,42.1,27.7,64.0,65.9,21,17,it,Second,TRUE,,44.3,0,54.6
SJC2601370,11/05/2026,96.1,,60.1,79.0,68.5,24,10 hrs,A.D.S,2,FALSE,58.7,72.7,1,76.6
SJC2602024,2026-05-05,84.2,63.9,85.7,56.3,86.6,20,21 hrs,aml,2nd,False,83.3,75.3,4,91.4
SJC2600176,19/05/2026,,62.1,999.0,82.7,69.0,21,8 hrs,cyber,2,FALSE,69.5,61.3,3,63.7
SJC2602331,2026-05-15,92.5,81.8,86.8,84.6,75.1,20,six, Cyber ,3rd,N,73.0,69.4,1,86.4
SJC2601037,14/05/2026,76.2,51.9,47.5,82.7,70.0,21,16 hrs,cyber,Second,no,89.8,63.3,3,91.1
SJC2600374,23/05/2026,75.5,42.6,65.2,65.7,,22,  7.5 ,CSBS,3,0,74.8,66.5,4,55.7
SJC2601472,11/06/2026,56.3,55.7,51.2,57.7,69.6,21,seven,cyber,II,True,100.0,47.8,4,53.1
SJC2602235,2026-05-28,85.0,73.1,67.1,73.1,75.9,22,8 hrs,CYBER,2nd,True,,58.1,0,85.0
SJC2601406,Jun 07 2026,,72.1,61.3,81.6,70.3,20,  9.8 ,AML,Second,False,42.5,57.5,4,62.6
SJC2602458,May 31 2026,79.4,88.3,87.4,55.7,,24,15.2, AML ,2,0,99.3,97.4,3,100.0
SJC2602199,2026-06-12,64.5,73.1,62.3,69.8,67.2,22,7.4,cse,2nd,True,54.7,,4,63.1
SJC2601132,2026-05-29,80.4,36.7,45.0,66.6,55.1,20,9.4,aml,2nd,TRUE,73.1,38.3,3,65.6
SJC2600072,18/05/2026,,52.7,50.8,87.9,52.7,21,  10.0 , IT ,2,Y,86.4,42.1,3,58.1
SJC2601996,May 28 2026,-5.0,45.9,53.7,92.1,65.0,22,8.8,ADS,3,N,80.8,45.9,0,67.3
SJC2602256,Jun 07 2026,77.3,69.3,67.5,87.2,77.3,22,10 hrs,cse,Second,False,,58.6,2,75.6
SJC2600588,24/05/2026,72.3,49.6,46.2,72.5,50.6,21,  6.3 , IT ,3rd,Y,98.3,49.1,1,59.9
SJC2601384,14/06/2026,77.9,,32.6,75.4,47.6,20,five, AML ,II,1,77.3,62.1,3,42.0
SJC2600606,May 13 2026,74.3,52.3,59.9,95.6,63.1,21,8, CSE ,2,FALSE,92.9,64.5,2,66.5
SJC2600637,Jun 08 2026,91.0,66.0,47.0,61.6,66.9,21,eight,csbs,2nd,0,89.0,71.0,1,62.0
SJC2601532,2026-05-05,84.3,55.0,52.2,69.7,82.7,21,17, AML ,II,0,,69.6,2,78.5
SJC2601734,14/06/2026,63.6,58.0,-1.0,68.8,62.2,18,5, AML ,II,N,49.6,61.4,4,51.6
SJC2600916,2026-05-26,80.4,40.8,49.3,56.8,71.4,24,6 hrs, AML ,2nd,yes,63.0,55.7,4,41.3
SJC2602214,15/05/2026,88.4,42.3,50.3,83.3,73.1,20,10.3, AML ,Third,No,71.6,64.7,3,70.7
SJC2602232,30/05/2026,81.4,52.6,49.8,60.0,61.2,21,nine,CSBS,Second,FALSE,85.5,56.1,1,71.9
SJC2600392,08/05/2026,,57.2,60.6,64.6,59.0,20,  4.9 ,aml,Second,FALSE,70.9,62.7,4,62.9
SJC2600624,May 05 2026,77.2,58.3,89.6,86.7,76.2,21,10 hrs,csbs,II,FALSE,64.7,71.2,1,67.5
SJC2601515,May 08 2026,68.2,64.0,71.4,65.6,63.0,22,15,CSBS,III,Y,,66.3,3,77.5
SJC2600949,2026-06-14,68.4,,81.4,79.1,77.2,20,five,IT,II,N,61.4,67.3,1,57.1
SJC2600618,Jun 02 2026,80.0,79.1,75.8,88.1,71.8,22,6.7,cse,Second,TRUE,59.6,67.3,4,92.6
SJC2600952,May 07 2026,82.4,60.6,75.0,80.4,74.2,24,8 hrs, ADS ,2,Yes,84.5,57.8,1,64.5
SJC2600903,03/05/2026,150.0,73.1,67.0,63.9,64.5,24,6 hrs,Cyber,3rd,False,50.9,59.2,0,67.6
SJC2602182,Jun 03 2026,95.8,100.0,75.2,72.4,84.5,24,17.0,CSE,Third,N,79.8,73.0,0,86.4
SJC2602329,May 12 2026,79.3,,68.9,72.1,77.3,21,  10.1 ,cse,Second,yes,83.3,63.8,0,79.4
SJC2600641,08/06/2026,68.4,59.9,74.0,79.3,73.0,20,7,IT,II,Y,74.6,47.3,0,53.1
SJC2601577,May 07 2026,84.5,52.9,48.9,56.7,65.7,22,  9.0 ,csbs,2nd,True,93.0,63.0,4,63.8
SJC2601043,13/05/2026,81.4,,64.6,32.1,91.7,21,1,csbs,III,1,100.0,77.9,1,86.1
SJC2600824,May 30 2026,70.6,61.6,44.5,57.8,,22,eleven, CSE ,2nd,FALSE,68.6,46.9,1,46.0
SJC2602293,May 02 2026,,66.4,64.2,77.5,72.8,22,14.7, AML ,2,Y,66.6,58.4,2,84.2
SJC2601918,Jun 13 2026,74.9,64.3,68.3,68.9,71.5,22,nine,C.S.B.S,Second,N,57.3,67.1,4,62.4
SJC2602208,03/05/2026,95.1,63.3,41.7,62.1,63.7,20,5, CSBS ,2,Y,75.1,65.7,4,60.6
SJC2600619,27/05/2026,74.8,31.9,46.0,59.6,46.4,22,12.4,CSE,2nd,Y,,37.5,2,44.8
SJC2600908,08/06/2026,59.6,44.5,47.5,74.4,61.4,21,11 hrs,Cyber,Second,Yes,72.5,46.9,1,41.7
SJC2600959,2026-05-12,52.8,59.2,72.2,89.0,71.8,18,5.1,CSBS,2nd,1,64.5,50.9,2,72.8
SJC2600001,May 19 2026,90.7,44.6,34.0,86.5,58.5,21,9 hrs, CSBS ,II,0,80.2,52.7,4,68.7
SJC2600623,2026-05-18,74.3,,50.0,97.6,79.9,24,4, ADS ,Second,N,76.4,52.8,4,60.9
SJC2601549,22/05/2026,100.0,52.8,42.2,79.6,53.0,20,9.1,cse,II,FALSE,69.1,,2,58.9
SJC2602295,2026-05-27,,,58.3,61.9,89.0,20,eight,aml,II,False,62.7,73.3,4,56.3
SJC2601011,02/06/2026,58.6,53.0,51.0,64.9,47.6,20,eight,A.D.S,2,Y,68.5,25.8,2,42.0
SJC2601278,18/05/2026,84.2,61.0,64.8,49.0,,21,  4.6 ,C.S.B.S,2,N,66.4,69.9,4,73.7
SJC2600901,2026-06-13,79.6,65.0,48.2,63.8,59.4,21,1.2,CYBER,Second,1,73.2,54.9,1,39.0
SJC2601802,26/05/2026,75.3,,65.1,73.0,,21,4.0,CSE,II,0,46.8,53.2,4,55.4
SJC2602234,08/05/2026,79.8,44.7,37.2,100.0,,22,twelve,aml,2,0,66.8,52.5,2,67.5
SJC2602497,2026-05-25,93.4,,73.7,59.6,70.1,22,twelve,IT,Third,FALSE,79.1,62.6,2,86.0
SJC2600518,2026-06-01,74.2,64.9,50.6,67.8,84.6,21,6,Cyber,2,Yes,50.8,54.4,2,56.9
SJC2602162,2026-05-21,59.3,47.4,999.0,69.6,72.3,20,eight, CSE ,Second,N,77.7,79.7,2,57.9
SJC2601187,2026-06-14,83.5,57.8,39.5,84.9,62.9,20,seven, ADS ,II,FALSE,77.8,52.4,3,49.2
SJC2602288,May 30 2026,76.2,63.2,67.9,75.9,67.0,21,8.6,ADS,2,N,74.8,50.9,3,74.3
SJC2602280,2026-05-25,72.5,43.8,56.3,86.8,66.3,18,nine,A.M.L,Second,TRUE,72.7,60.6,3,75.3
SJC2600077,2026-06-08,100.0,,45.1,68.2,80.4,18,9 hrs,cyber,2,Yes,75.9,63.7,4,62.6
SJC2601182,2026-05-16,-5.0,85.8,94.9,47.2,94.7,21,7.4,csbs,2,no,64.5,80.2,1,90.3
SJC2600682,03/06/2026,66.3,69.8,70.7,55.6,75.2,24,11,aml,3,FALSE,54.7,,0,53.8
SJC2600269,24/05/2026,59.5,57.0,57.0,98.4,60.9,18,11 hrs,I.T,3,N,77.6,46.3,4,50.6
SJC2601481,30/05/2026,61.4,64.8,63.8,84.7,,20,seven,A.D.S,Second,no,91.6,,0,77.1
SJC2601842,2026-05-03,82.1,38.4,39.7,59.1,59.9,22,5,A.M.L,Third,1,62.4,49.4,3,60.5
SJC2601366,2026-05-04,,50.8,49.5,98.8,69.6,18,16, Cyber ,II,Y,74.0,52.3,2,86.3
SJC2600401,13/05/2026,,51.8,41.6,63.9,77.2,21,9, IT ,III,yes,56.4,60.9,3,52.3
SJC2600973,May 11 2026,87.3,79.2,56.2,80.8,88.9,20,  6.8 ,aml,3,True,68.1,72.3,0,60.1
SJC2600963,11/05/2026,58.5,45.1,60.6,59.5,56.0,20,  8.9 ,CSBS,Second,TRUE,43.1,41.6,3,42.3
SJC2601537,11/05/2026,83.8,68.3,59.0,94.2,72.5,18,eleven,AML,II,False,72.1,,1,73.1
SJC2600298,11/05/2026,90.9,70.6,68.4,69.3,72.2,22,  8.9 ,CSE,II,0,87.4,,1,89.1
SJC2601770,19/05/2026,88.4,69.3,78.0,74.4,78.1,18,9 hrs,CSBS,3,No,96.7,66.1,4,70.5
SJC2600881,13/05/2026,75.8,45.9,45.7,94.1,62.8,21,9.0, IT ,II,TRUE,58.7,,3,59.4
SJC2602174,May 09 2026,85.3,,79.7,78.6,83.6,20,10,it,III,N,76.3,64.2,3,97.4
SJC2601948,Jun 13 2026,89.9,81.2,56.0,53.4,67.4,20,3 hrs, AML ,Third,no,77.8,61.3,4,51.2
SJC2602425,29/05/2026,100.0,70.9,64.8,77.5,76.3,21,11,ads,2nd,0,79.4,67.9,4,97.3
SJC2600899,2026-05-04,81.4,39.6,60.2,69.4,,24,5 hrs,C.S.B.S,III,No,80.8,51.3,4,54.5
SJC2601836,May 15 2026,76.2,43.4,65.0,84.5,36.3,20,  10.6 ,AML,3,False,70.0,45.9,0,59.2
SJC2601879,2026-05-30,100.0,82.5,80.4,62.0,64.4,22,  18.6 ,ads,Third,Yes,69.5,82.0,3,96.7
SJC2600950,03/05/2026,78.0,52.8,58.6,57.8,88.0,24,10 hrs,Cyber,2,N,75.8,60.8,0,77.2
SJC2602429,04/05/2026,76.6,78.1,87.4,58.4,72.9,21,13.5, AML ,II,False,72.6,,4,92.4
SJC2600542,Jun 02 2026,97.8,,58.5,79.1,89.9,22,  9.9 ,IT,Second,no,71.0,62.3,0,70.7
SJC2601034,2026-05-08,86.0,76.4,70.6,65.7,89.5,21,twelve,CSE,2nd,Y,79.4,64.8,4,77.1
SJC2601772,09/05/2026,84.3,68.4,59.3,67.6,78.5,24,  15.1 , IT ,Second,No,62.9,,2,67.0
SJC2601839,May 17 2026,67.9,67.1,52.1,68.2,73.0,21,8.8,A.D.S,II,0,72.5,66.3,0,60.3
SJC2602242,Jun 09 2026,79.6,57.0,86.7,-30.0,80.9,22,7 hrs, AML ,Second,0,79.1,57.7,0,57.5
SJC2602363,15/06/2026,,67.1,76.3,64.8,67.1,22,5,cse,Second,No,55.6,,2,54.0
SJC2600169,May 04 2026,100.0,62.4,73.9,70.8,95.8,20,6 hrs, ADS ,3,TRUE,99.2,66.1,3,95.3
SJC2602376,May 26 2026,84.5,40.3,36.8,55.0,62.7,21,5.0,AML,II,True,72.4,59.7,1,45.2
SJC2600800,May 06 2026,79.5,80.3,71.1,73.7,78.7,20,8,C.S.B.S,2,No,,69.6,0,75.8
SJC2602499,2026-05-03,68.8,64.1,65.6,68.6,59.1,20,  6.7 ,cse,Second,0,91.8,57.1,3,69.0
SJC2601876,May 05 2026,75.0,60.0,72.9,61.0,53.9,21,  5.8 ,IT,II,1,56.8,,1,54.7
SJC2600644,Jun 05 2026,98.3,56.3,55.2,71.8,73.5,21,13.4,Cyber,2nd,0,,67.0,2,93.3
SJC2601092,02/06/2026,87.8,66.9,73.8,80.0,64.5,21,3,C.S.B.S,2,True,94.0,84.5,2,78.3
SJC2600045,05/05/2026,75.1,63.4,51.8,59.3,52.4,22,twelve,ads,2nd,no,73.5,47.6,4,51.1
SJC2600715,Jun 10 2026,98.0,34.9,39.1,62.1,68.4,21,13.8,I.T,2nd,True,75.8,39.7,3,64.4
SJC2600129,05/06/2026,92.4,67.2,66.1,100.0,67.8,20,9.8,cse,Third,No,57.9,70.1,3,94.3
SJC2600096,2026-05-06,65.2,76.2,69.2,68.3,,20,  8.5 ,I.T,2,1,,80.1,2,74.7
SJC2600567,May 31 2026,85.2,53.8,72.4,51.5,51.5,20,  14.2 ,AML,II,1,67.7,62.9,4,56.2
SJC2600878,05/06/2026,70.0,50.6,50.2,75.5,,20,11.7, Cyber ,II,Y,63.2,59.9,2,69.6
SJC2600759,2026-05-02,44.5,37.7,37.5,81.4,38.3,21,11.9, AML ,2,yes,62.5,47.5,1,58.6
SJC2602335,May 12 2026,95.5,68.8,53.9,-30.0,65.0,20,8 hrs,cse,II,FALSE,57.5,72.4,0,69.9
SJC2601612,15/06/2026,75.5,62.5,38.1,77.4,,21,10.0,cse,II,True,92.7,39.4,1,47.7
SJC2601376,2026-06-15,88.0,55.1,75.5,71.1,78.3,20,5.8,ads,2,Yes,79.3,81.9,2,71.1
SJC2600740,29/05/2026,74.6,60.3,69.6,67.3,,20,16,ADS,Second,no,,64.3,4,75.7
SJC2601404,May 13 2026,99.2,44.2,51.8,84.7,,22,9.0,csbs,III,False,100.0,,2,80.3
SJC2601955,2026-05-29,999.0,54.5,68.6,78.9,62.0,21,  9.0 ,CSBS,3rd,FALSE,54.4,74.6,4,81.1
SJC2600080,12/06/2026,75.8,61.3,56.0,62.8,71.9,20,nine, CSBS ,2nd,False,77.3,29.3,4,52.7
SJC2601144,13/06/2026,59.8,65.8,51.7,55.6,,20,6, ADS ,2,No,62.1,48.9,1,46.6
SJC2602087,18/05/2026,52.3,55.2,46.1,60.2,68.9,22,  15.0 ,cse,3,Yes,,,1,63.7
SJC2602074,2026-05-14,69.3,48.8,33.6,87.1,58.9,21,  11.0 ,it,Second,Yes,87.0,65.6,0,66.4
SJC2601108,2026-06-01,74.6,54.7,56.7,72.6,62.4,21,10 hrs,cyber,2,Yes,87.3,55.2,2,62.7
SJC2602438,04/06/2026,67.1,65.2,57.3,59.4,88.0,24,12.3, AML ,2nd,Y,79.6,64.6,3,78.8
SJC2600502,31/05/2026,83.9,64.2,66.8,9999.0,,20,  5.7 ,A.D.S,2nd,FALSE,56.3,47.5,3,66.5
SJC2602419,May 02 2026,83.0,62.8,58.7,61.9,83.2,20,  9.5 , ADS ,2nd,yes,74.1,64.6,0,85.6
SJC2600893,05/06/2026,,53.3,48.9,73.8,63.2,21,7,ads,2,N,80.5,,4,73.0
SJC2601419,2026-05-25,73.5,49.8,47.6,75.1,69.5,21,  7.5 ,A.D.S,Second,N,74.5,42.9,4,54.2
SJC2601336,08/06/2026,100.0,,59.0,79.4,76.3,20,7.5,C.S.E,II,1,82.5,60.3,0,79.7
SJC2601131,May 18 2026,67.1,52.8,43.4,63.2,86.9,20,13 hrs,CYBER,Second,Y,63.4,69.6,2,67.8
SJC2602231,06/05/2026,92.3,43.4,47.4,88.0,61.4,20,9,Cyber,3rd,Yes,58.5,42.1,4,57.3
SJC2602340,Jun 02 2026,93.4,47.4,34.0,83.8,35.0,21,eleven,I.T,2,False,62.2,53.0,0,68.6
SJC2602297,May 11 2026,58.0,67.2,73.8,89.3,71.3,20,7,AML,Second,TRUE,74.2,,2,67.3
SJC2600103,02/05/2026,81.8,46.3,48.7,82.2,69.1,24,1, ADS ,3rd,N,89.1,49.4,3,60.1
SJC2601863,2026-06-11,65.2,63.5,33.4,52.9,42.5,22,  4.0 ,aml,II,0,85.5,41.1,4,29.8
SJC2600493,Jun 11 2026,71.0,79.3,66.0,84.8,77.7,22,10 hrs,CSBS,Second,TRUE,64.9,62.0,1,63.2
SJC2600255,May 11 2026,91.1,60.6,46.9,56.8,49.4,22,4 hrs, AML ,Third,Yes,55.5,32.3,0,44.9
SJC2601080,21/05/2026,,,37.6,70.7,60.0,20,12.0, Cyber ,2,Y,89.5,36.6,2,61.5
SJC2601327,2026-05-18,87.2,64.4,58.8,83.6,85.8,18,  3.4 ,aml,Third,FALSE,67.2,73.1,3,72.9
SJC2600368,May 21 2026,72.7,52.6,73.5,67.8,79.8,20,12 hrs,it,3,No,54.8,61.5,4,61.0
SJC2601087,06/05/2026,75.6,53.2,48.3,77.0,47.5,21,10,it,III,no,100.0,,3,62.7
SJC2601446,Jun 11 2026,79.8,87.1,71.4,67.1,75.4,22,10 hrs,cse,Second,TRUE,67.0,71.3,2,58.9
SJC2600946,2026-05-20,44.5,56.4,60.4,69.5,67.9,20,7 hrs,CYBER,2nd,True,70.7,41.5,2,41.4
SJC2601378,12/05/2026,78.0,56.2,52.9,74.6,64.8,22,9.6,A.M.L,Second,no,,46.5,4,65.5
SJC2602003,May 31 2026,150.0,35.0,40.7,53.0,41.9,20,11,CSE,Second,True,87.6,47.1,3,58.2
SJC2601046,2026-06-09,85.1,,56.2,64.2,62.8,24,8.6,I.T,Second,True,79.0,38.5,1,60.6
SJC2600964,2026-05-21,999.0,49.3,32.0,71.0,43.8,20,  10.9 ,csbs,III,no,,46.3,0,41.9
SJC2601791,02/06/2026,89.9,85.6,55.0,69.7,77.0,22,11,ads,II,No,,48.6,2,70.8
SJC2601324,Jun 13 2026,999.0,70.7,70.7,83.3,87.8,21,8 hrs,A.M.L,2,no,78.0,69.9,1,95.7
SJC2601155,2026-05-25,62.2,66.9,63.8,86.7,75.9,22,ten,A.D.S,II,Yes,,63.4,1,81.1
SJC2602076,Jun 04 2026,85.9,69.1,80.4,64.1,86.2,24,10 hrs, Cyber ,3rd,N,66.5,73.3,1,82.6
SJC2600016,Jun 05 2026,94.1,74.4,73.0,79.8,73.1,22,8.6,CSE,II,1,72.6,56.7,2,69.9
SJC2602014,May 10 2026,,49.4,75.5,95.3,81.9,21,  6.7 , IT ,2,yes,73.9,68.1,4,62.5
SJC2600748,23/05/2026,100.0,75.0,78.7,97.0,88.4,21,  9.9 ,it,III,yes,96.8,69.4,1,100.0
SJC2600318,2026-05-24,100.0,79.9,79.1,77.8,75.8,22,9 hrs,A.D.S,II,no,63.1,76.6,2,100.0
SJC2602013,May 21 2026,87.7,53.6,45.4,80.2,82.6,20,8.7,CYBER,II,yes,77.5,53.4,1,59.0
SJC2600850,May 26 2026,81.5,,61.1,69.8,,22,5,ADS,III,1,77.0,56.2,4,68.6
SJC2600469,May 05 2026,97.0,71.6,68.7,85.0,76.9,20,10.4,it,2,False,,67.0,3,90.8
SJC2601386,Jun 03 2026,100.0,,68.4,79.4,71.7,21,  19.6 ,C.S.B.S,2,no,59.2,60.3,0,94.5
SJC2600768,May 31 2026,,61.3,74.2,76.9,65.8,21,  7.7 ,A.M.L,II,N,84.6,67.0,2,77.7
SJC2602255,03/06/2026,66.3,51.7,73.9,72.1,80.2,22,  5.6 , ADS ,2nd,0,84.0,71.3,3,62.8
SJC2600297,29/05/2026,69.3,40.8,57.4,47.7,48.0,22,11 hrs,csbs,2nd,yes,95.4,51.5,0,65.5
SJC2600924,17/05/2026,78.6,39.9,51.4,66.6,60.3,21,six,ADS,2nd,1,94.7,48.6,1,53.4
SJC2601689,2026-05-25,89.6,71.5,74.1,77.8,64.5,20,5.1,aml,II,yes,67.9,83.7,2,70.8
SJC2601850,May 09 2026,75.9,43.9,63.0,73.5,69.6,24,11.1,CYBER,3rd,0,65.2,,1,66.3
SJC2601243,May 22 2026,85.2,59.9,53.2,90.0,81.5,21,  11.4 ,AML,3,No,48.7,72.2,1,77.5
SJC2600115,Jun 13 2026,100.0,,51.4,61.0,48.8,20,14, ADS ,3rd,False,90.4,50.0,3,62.3
SJC2601661,May 11 2026,70.4,,48.3,78.9,53.5,21,  11.2 ,ads,II,N,60.6,57.0,3,55.4
SJC2600330,11/05/2026,70.9,42.6,55.9,76.5,58.9,20,ten,I.T,2nd,TRUE,,59.9,2,53.7
SJC2601487,2026-05-08,999.0,75.1,83.3,94.5,79.5,20,  6.3 ,ADS,2,FALSE,78.1,69.5,2,94.4
SJC2602333,May 09 2026,74.8,63.2,55.6,52.5,66.7,21,ten, ADS ,III,Yes,100.0,64.0,1,71.4
SJC2600532,Jun 01 2026,79.4,47.6,73.5,81.8,58.6,22,6.7, ADS ,Second,Y,84.5,75.4,3,66.5
SJC2601825,May 29 2026,91.2,43.8,38.0,60.1,46.4,20,  2.2 , AML ,II,1,82.4,,4,69.2
SJC2601505,27/05/2026,82.1,68.7,76.9,58.8,70.7,20,ten,ADS,Second,TRUE,91.8,55.5,3,78.6
SJC2600264,29/05/2026,80.1,71.2,76.6,58.0,75.2,21,15,cse,III,no,83.5,71.3,1,94.8
SJC2600704,16/05/2026,49.2,,56.2,61.3,56.7,20,seven,AML,2,0,64.7,43.2,4,41.4
SJC2601331,Jun 01 2026,82.2,74.8,77.5,75.5,63.2,22,  7.7 ,C.S.B.S,Second,TRUE,88.9,73.9,2,92.1
SJC2601010,2026-05-02,150.0,73.0,85.4,69.9,93.0,21,  13.3 ,cse,Second,No,96.6,77.1,2,90.4
SJC2601512,2026-05-09,77.8,62.9,54.1,94.2,64.2,18,  7.1 ,I.T,3rd,FALSE,37.0,70.2,2,69.1
SJC2602198,2026-06-13,93.5,,47.9,64.1,,22,10.2,Cyber,II,TRUE,74.4,,0,72.4
SJC2601740,31/05/2026,,78.3,52.0,62.5,63.8,18,8.6,C.S.B.S,2,No,60.6,67.4,4,61.4
SJC2600162,2026-06-01,59.2,88.0,53.0,75.8,85.2,22,five, CSBS ,3,Y,78.1,74.1,0,48.5
SJC2601771,2026-05-11,55.7,55.9,43.3,-30.0,61.2,21,8.1, CSE ,II,no,61.9,49.3,2,35.8
SJC2602325,10/06/2026,90.1,64.0,50.5,56.5,55.6,20,  10.5 ,C.S.B.S,II,no,85.6,39.3,3,65.0
SJC2600678,May 31 2026,150.0,44.1,78.3,73.8,78.0,21,10 hrs,C.S.E,2nd,0,69.6,64.8,2,57.3
SJC2601089,Jun 11 2026,69.4,40.0,58.2,80.0,48.2,20,  11.0 ,aml,II,FALSE,76.4,57.3,1,58.3
SJC2600447,22/05/2026,100.0,65.3,63.8,65.3,69.7,18,0,CYBER,2nd,Yes,86.6,65.1,4,75.8
SJC2601913,20/05/2026,73.4,66.4,73.9,81.4,59.0,20,  8.0 ,CSE,II,TRUE,81.3,68.7,4,75.2
SJC2601371,May 13 2026,53.5,60.5,68.1,74.0,78.0,20,11,I.T,3,no,61.2,66.8,1,61.6
SJC2601640,08/06/2026,97.3,57.8,78.2,66.5,60.7,21,10.0,aml,III,No,,58.1,1,75.3
SJC2601821,Jun 11 2026,89.5,86.6,69.3,83.0,,21,eleven,cse,2nd,yes,91.3,78.9,1,90.6
SJC2602374,May 19 2026,63.2,73.4,70.5,87.0,,21,10 hrs, ADS ,2nd,Yes,,60.9,4,81.3
SJC2600868,08/05/2026,86.3,56.3,69.0,81.7,61.6,20,7 hrs,A.D.S,Second,FALSE,71.1,49.5,0,80.0
SJC2601799,12/06/2026,100.0,52.7,58.9,81.5,64.7,24,12,it,II,0,72.3,52.5,2,74.2
SJC2600504,2026-05-05,-5.0,64.6,61.1,86.7,57.9,22,eight,A.M.L,Second,1,44.5,53.3,3,75.0
SJC2601119,2026-05-26,999.0,54.1,67.8,81.5,74.2,22,5.4,A.D.S,II,Y,81.6,61.6,1,72.7
SJC2600290,2026-06-06,72.9,56.9,66.4,74.5,68.1,22,  11.5 ,cyber,2,1,77.0,,0,90.3
SJC2600116,2026-05-26,81.6,81.8,67.9,65.4,75.3,22,  15.4 ,C.S.B.S,II,False,,63.5,3,73.5
SJC2601290,12/05/2026,93.0,68.8,77.7,-30.0,76.8,20,14 hrs,IT,II,No,87.1,67.4,1,100.0
SJC2601575,15/05/2026,64.3,55.0,58.9,69.0,,21,8.2,ADS,2nd,Y,74.9,44.3,2,41.0
SJC2601895,Jun 02 2026,90.4,52.2,999.0,79.4,72.0,20,11.1,Cyber,Second,N,74.0,73.0,2,75.2
SJC2600300,2026-05-19,60.6,81.8,85.9,61.3,93.7,22,ten, IT ,3,No,66.0,85.7,2,85.2
SJC2600307,Jun 08 2026,74.7,,66.0,72.3,61.1,21,11.9,I.T,3,1,73.4,78.7,3,76.5
SJC2600041,May 04 2026,90.0,,27.3,75.1,41.6,21,ten,C.S.E,3rd,Y,78.6,33.8,1,65.1
SJC2602084,05/06/2026,79.3,62.2,68.5,84.3,83.7,20,2 hrs,CSBS,II,TRUE,,54.9,2,50.7
SJC2600483,May 22 2026,88.9,45.2,50.3,79.9,76.2,20,12.9,cse,II,FALSE,90.8,51.3,0,77.9
SJC2601414,Jun 01 2026,91.9,40.9,69.4,74.0,60.6,20,16, ADS ,2,no,82.2,56.6,4,75.9
SJC2601362,31/05/2026,73.8,74.1,76.8,50.7,75.3,21,five, AML ,3,False,84.6,81.9,1,76.8
SJC2600928,02/06/2026,57.9,46.2,55.9,64.4,51.8,22,5,cyber,2nd,No,78.4,62.2,1,33.9
SJC2601968,12/06/2026,68.0,,56.4,53.3,63.1,22,eleven,CSBS,2nd,Y,68.1,46.4,2,29.4
SJC2602342,2026-06-15,,47.1,47.6,70.1,54.4,20,nine,aml,2,True,67.4,36.1,4,61.9
SJC2601705,2026-06-12,79.5,64.5,45.1,60.7,75.9,18,12,csbs,2nd,No,76.0,68.4,3,78.2
SJC2600122,May 15 2026,86.6,45.2,40.9,54.1,64.8,18,seven,C.S.B.S,Third,FALSE,88.7,52.9,3,64.4
SJC2600674,Jun 07 2026,56.8,70.1,64.5,82.1,64.0,20,  4.5 ,CYBER,II,N,87.2,,3,54.7
SJC2601907,2026-06-02,69.4,87.0,-1.0,89.7,78.7,21,5,ADS,2,True,74.2,69.0,1,72.9
SJC2600062,May 07 2026,87.4,,44.4,48.7,68.8,21,8.4,CSBS,2,No,85.9,35.8,1,59.4
SJC2600135,2026-05-11,61.6,,63.3,70.5,74.4,21,5,A.M.L,Second,yes,34.9,70.6,3,54.3
SJC2600846,Jun 14 2026,80.8,45.5,65.9,56.3,71.8,22,6 hrs,IT,2nd,0,78.8,54.7,1,43.4
SJC2600823,2026-05-27,58.7,37.9,53.8,58.9,57.6,18,8.0,cse,2,True,54.3,43.9,0,53.8
SJC2601044,29/05/2026,77.2,41.7,64.9,70.2,64.6,21,8,AML,2,No,,73.7,2,58.1
SJC2601307,2026-06-01,,62.7,74.8,75.6,63.3,24,  5.6 ,csbs,2,False,78.9,59.6,3,79.0
SJC2602314,2026-05-16,150.0,69.5,64.2,49.6,56.2,20,  7.4 , CSE ,II,False,,65.5,3,67.8
SJC2601995,2026-06-07,59.1,63.2,75.2,48.5,68.8,22,  10.2 ,C.S.B.S,II,0,,54.8,1,51.7
SJC2601719,2026-06-09,86.8,67.5,61.9,70.7,66.2,24,  9.7 ,CYBER,Second,0,52.8,41.3,2,59.6
SJC2601612,15/06/2026,75.5,62.5,38.1,77.4,,21,10.0,cse,II,True,92.7,39.4,1,47.7
SJC2600427,07/05/2026,92.9,40.3,-1.0,60.0,,18,10.5, IT ,2nd,no,69.7,56.0,4,53.9
SJC2602057,02/05/2026,76.9,,63.9,50.6,63.4,24,4.0,C.S.E,II,No,73.3,73.2,0,63.3
SJC2601959,2026-05-08,90.0,59.4,72.1,72.6,76.5,24,8.3,Cyber,Third,Y,89.7,50.5,3,69.2
SJC2601813,2026-06-06,76.2,43.8,55.6,81.6,53.5,21,9,CYBER,2nd,TRUE,94.2,48.0,2,57.3
SJC2600325,13/05/2026,58.0,65.0,62.5,72.5,70.6,18,8 hrs,AML,III,True,59.9,58.2,0,68.0
SJC2601123,23/05/2026,98.0,60.7,67.2,58.5,61.4,24,6, CSE ,Second,No,90.6,56.9,4,76.5
SJC2600694,04/05/2026,80.9,56.5,78.7,87.2,61.1,21,  10.3 ,cse,3rd,No,66.4,57.5,4,64.9
SJC2601392,20/05/2026,,45.4,48.2,70.4,56.7,21,eight,it,Third,Yes,80.6,59.0,2,53.9
SJC2600781,May 20 2026,66.9,63.6,50.8,62.5,60.4,20,  7.0 ,ads,2,No,85.0,51.3,4,42.4
SJC2602464,10/05/2026,82.4,54.0,36.2,69.2,63.3,24,6,A.M.L,Second,Yes,,62.5,2,55.0
SJC2601298,May 02 2026,75.6,64.2,69.0,84.8,,18,10.1,AML,2,False,52.4,59.8,1,75.6
SJC2602487,2026-06-10,64.9,49.5,999.0,88.4,,21,12,it,III,False,46.5,59.9,3,58.0
SJC2600604,2026-05-25,88.6,62.6,-1.0,9999.0,80.6,18,8, CSE ,2nd,1,85.5,78.5,4,77.7
SJC2600633,13/05/2026,88.5,67.3,72.7,85.5,,22,nine,CSBS,2,No,70.6,,4,80.6
SJC2602070,13/05/2026,73.3,57.7,57.6,86.9,79.3,20,15.5, CSBS ,2nd,no,76.4,71.9,0,79.9
SJC2601867,06/06/2026,93.4,,999.0,59.3,64.5,18,twelve, Cyber ,2,FALSE,100.0,44.8,3,62.5
SJC2601845,2026-06-04,88.7,51.5,52.1,81.8,75.1,20,5.1,cse,2nd,1,59.7,58.5,4,68.1
SJC2601006,23/05/2026,69.1,75.9,82.1,89.1,,22,14, Cyber ,Second,0,78.9,87.6,1,97.6
SJC2601288,Jun 10 2026,86.0,57.0,56.4,76.5,66.3,20,6.0, Cyber ,Second,False,57.8,71.0,2,64.9
SJC2600302,2026-05-29,63.2,54.3,56.6,68.6,59.3,20,2 hrs, IT ,II,FALSE,73.3,48.7,2,48.8
SJC2600216,Jun 05 2026,,64.1,56.4,78.2,67.2,21,7 hrs,C.S.B.S,3,No,,59.1,0,62.9
SJC2601597,2026-05-14,74.6,36.5,48.9,75.1,69.4,22,eight,C.S.B.S,2nd,N,73.9,50.0,1,56.9
SJC2602159,05/05/2026,59.4,68.3,70.3,82.8,,22,4,A.M.L,2,Yes,55.3,55.4,3,64.0
SJC2601326,02/05/2026,,50.7,71.1,66.8,58.7,21,8,AML,2,N,64.0,56.5,3,57.4
SJC2600787,2026-05-05,79.5,40.1,60.0,82.8,50.4,21,8 hrs, IT ,Second,1,59.7,42.4,1,52.8
SJC2601436,15/06/2026,72.2,67.1,84.4,69.6,86.4,22,9,A.D.S,2,yes,98.1,88.4,4,80.5
SJC2600108,2026-06-01,91.8,94.4,69.5,60.2,83.6,21,11.3,C.S.E,Second,No,82.9,85.9,1,84.0
SJC2601684,19/05/2026,68.9,56.3,50.4,77.2,53.7,22,10.7, Cyber ,2,Y,,49.8,3,71.5
SJC2601218,2026-05-02,68.6,55.4,55.7,44.9,67.1,24,9.2,CSE,2nd,N,75.8,50.7,1,53.0
SJC2601747,2026-05-26,,68.2,46.4,66.2,72.6,22,eleven,CYBER,2nd,No,,63.0,4,79.5
SJC2600920,May 05 2026,77.5,54.4,48.4,58.2,67.3,20,3.5, Cyber ,2nd,Yes,62.9,51.3,0,47.9
SJC2600523,May 28 2026,90.6,54.9,63.9,93.6,,20,9, Cyber ,III,yes,,61.7,3,79.4
SJC2602144,06/05/2026,93.0,41.5,54.2,80.0,,24,9,AML,2,yes,66.8,56.9,2,62.1
SJC2601827,2026-05-08,72.5,74.0,72.9,60.9,87.4,22,  2.3 ,csbs,Second,Y,82.9,54.7,4,72.1
SJC2600515,May 12 2026,150.0,,87.0,52.8,98.0,20,12,CSE,3,True,100.0,81.2,1,81.8
SJC2602201,2026-06-10,65.4,,68.4,58.8,52.9,24,8.3, CSE ,II,1,94.6,50.8,4,58.6
SJC2601553,18/05/2026,,50.0,57.2,49.1,59.2,20,seven,CSE,III,0,66.6,53.6,2,59.8
SJC2600027,18/05/2026,92.8,51.7,58.5,49.2,70.2,21,14,CSE,3,Yes,58.0,65.4,4,84.4
SJC2600798,2026-05-19,66.5,67.8,60.2,87.3,61.9,24,  6.9 ,IT,II,N,77.9,71.1,4,61.9
SJC2600815,2026-06-14,54.7,49.9,63.3,58.4,81.0,21,thirteen,CSBS,II,Yes,69.9,58.1,0,60.6
SJC2601859,04/05/2026,73.4,,48.3,100.0,56.3,24,fourteen,C.S.E,II,True,66.8,53.0,0,69.8
SJC2602351,May 17 2026,-5.0,51.6,54.6,9999.0,48.7,22,three, IT ,3,no,63.0,,3,49.2
SJC2601258,Jun 15 2026,83.6,,77.2,62.0,69.0,20,eight,it,2,1,78.3,46.9,3,52.8
SJC2600782,07/06/2026,69.4,68.9,52.2,67.6,,21,  12.7 ,IT,Second,No,70.3,80.1,3,68.2
SJC2602324,May 16 2026,90.3,71.3,51.1,59.5,79.5,20,10, AML ,2nd,TRUE,60.0,62.5,3,60.6
SJC2600177,2026-06-10,68.6,37.1,48.7,95.5,56.1,20,  16.0 ,ads,3rd,No,69.8,44.8,2,67.4
SJC2600184,2026-06-03,77.3,35.4,62.1,45.7,71.4,18,11 hrs,CSE,II,Yes,81.3,34.9,2,45.4
SJC2602110,05/06/2026,65.6,73.6,72.2,66.2,76.0,24,eleven, CSBS ,Third,no,86.2,63.3,1,79.7
SJC2601157,May 21 2026,74.3,62.7,54.7,70.6,82.2,22,10 hrs, ADS ,II,TRUE,57.3,58.6,2,60.5
SJC2600918,2026-06-04,68.5,,53.3,75.0,73.0,21,10, CSBS ,2,1,70.5,69.1,3,72.2
SJC2602171,23/05/2026,85.2,77.6,71.7,78.1,83.2,22,fourteen,csbs,2nd,N,81.5,,4,96.6
SJC2602457,May 03 2026,77.9,69.0,53.3,100.0,57.6,20,1 hrs, ADS ,II,Yes,73.6,78.8,2,71.3
SJC2600890,14/06/2026,71.9,67.7,78.1,67.7,73.1,20,10,ads,Second,Yes,62.7,76.7,4,73.8
SJC2601095,2026-05-11,83.4,43.9,24.9,70.0,,24,ten,A.D.S,II,TRUE,52.8,54.2,1,50.4
SJC2600137,Jun 04 2026,83.7,61.7,57.5,81.7,72.1,20,11.4,ads,II,yes,59.3,68.5,0,88.0
SJC2602176,May 25 2026,66.7,34.1,38.4,88.5,,24,  5.8 , IT ,Second,False,72.8,51.0,3,63.0
SJC2601957,2026-05-26,,82.1,56.6,74.4,90.6,21,twelve,ads,II,TRUE,68.4,83.8,4,69.2
SJC2602307,2026-05-27,70.7,55.2,58.9,62.8,66.5,21,12.7, Cyber ,Third,TRUE,42.7,58.8,4,81.4
SJC2601102,29/05/2026,,,54.9,66.6,64.1,24,6.7,A.D.S,2nd,no,73.9,59.7,3,57.4
SJC2601659,May 11 2026,73.4,,81.5,62.9,93.7,22,17,csbs,II,FALSE,85.0,71.5,4,72.8
SJC2601785,2026-06-06,89.6,,999.0,56.0,75.0,22,18,Cyber,2nd,True,90.2,67.3,0,81.5
SJC2600558,Jun 06 2026,66.8,,75.0,58.7,,20,  15.0 ,AML,3,yes,,60.3,4,73.0
SJC2600455,2026-05-16,80.4,62.6,65.0,87.0,64.9,24,17,CSBS,3rd,yes,76.1,59.3,4,100.0
SJC2601468,2026-05-26,86.9,58.5,53.0,62.2,51.9,20,  13.5 ,AML,Second,N,70.9,53.8,4,78.2
SJC2600279,May 09 2026,77.1,81.6,85.1,53.1,79.3,21,10 hrs, CSE ,2nd,1,,,3,77.0
SJC2601360,May 09 2026,60.6,63.7,90.5,72.1,70.3,20,nine,I.T,2,0,51.8,74.3,4,61.8
SJC2601391,May 15 2026,68.4,64.5,73.2,67.7,77.0,22,three,IT,III,No,64.2,72.7,1,57.0
SJC2601451,Jun 03 2026,66.4,,51.7,67.9,61.5,18,five, IT ,Second,N,70.8,59.1,3,51.2
SJC2601388,2026-05-15,150.0,70.2,51.9,84.0,49.5,22,11.5, ADS ,III,0,82.3,47.9,4,68.5
SJC2602140,May 05 2026,87.7,41.5,46.2,73.7,49.0,24,10,Cyber,3,True,65.7,37.3,2,66.6
SJC2600998,2026-06-08,84.3,40.7,56.5,64.4,62.8,22,7 hrs,CSE,2nd,No,63.4,,2,29.1
SJC2600046,2026-05-08,53.9,38.9,-1.0,62.6,57.3,21,9,ads,3,0,76.5,46.1,4,54.8
SJC2601058,2026-05-09,73.6,80.3,63.8,74.8,65.7,22,  10.2 ,cyber,2,Yes,,54.5,3,70.7
SJC2600357,30/05/2026,64.0,61.3,58.4,57.5,58.7,24,10.6,A.M.L,2nd,FALSE,84.8,60.2,3,57.1
SJC2600370,May 26 2026,73.9,31.3,41.2,71.7,48.3,20,11,CYBER,3,No,64.4,34.6,1,46.2
SJC2600054,08/05/2026,88.0,39.7,49.0,90.0,56.7,20,11,AML,2nd,Yes,63.4,41.4,4,55.4
SJC2602225,May 10 2026,88.3,70.3,79.5,91.6,83.9,21,eight,csbs,2,no,,83.3,1,98.4
SJC2600231,Jun 06 2026,,63.3,75.9,77.0,84.4,21,5 hrs,cse,Third,No,71.2,79.0,3,61.4
SJC2600460,May 08 2026,89.9,63.8,61.3,83.6,76.0,24,10.5,csbs,2nd,N,82.0,63.8,2,89.9
SJC2601279,Jun 10 2026,83.7,60.1,64.0,63.9,64.1,22,9 hrs,cse,II,False,78.9,47.2,2,66.8
SJC2601422,May 30 2026,70.0,79.1,66.8,69.4,,21,  8.3 ,CYBER,II,N,73.2,73.8,0,82.0
SJC2600721,May 27 2026,71.8,58.6,52.3,64.3,62.5,22,6 hrs,A.D.S,Second,N,69.0,68.8,1,56.1
SJC2600528,May 18 2026,65.2,,77.7,57.3,78.6,21,2 hrs,csbs,Second,True,61.7,67.7,4,58.3
SJC2601343,2026-06-14,85.5,49.7,62.9,80.6,58.1,18,13 hrs, AML ,2nd,TRUE,55.7,83.9,2,78.2
SJC2600829,2026-05-27,93.1,58.7,52.7,89.4,63.9,21,7 hrs,IT,Second,Y,70.7,57.7,1,76.4
SJC2601142,08/05/2026,64.4,68.2,62.3,74.0,89.6,20,14.6,cse,2nd,0,84.1,59.2,0,76.8
SJC2602077,2026-06-05,77.1,72.5,59.3,67.3,,24,  10.2 ,CYBER,3,no,70.4,50.4,0,59.7
SJC2602403,15/05/2026,65.1,44.6,32.5,-30.0,53.5,22,  6.3 ,CSBS,II,1,81.8,,1,55.3
SJC2602072,11/06/2026,60.3,73.7,74.7,46.4,86.8,20,17, CSBS ,Second,N,86.6,58.1,0,77.5
SJC2601573,2026-05-17,73.0,53.9,56.0,78.9,74.7,20,11,A.M.L,3,N,53.1,63.2,3,67.9
SJC2600582,Jun 06 2026,74.8,55.4,40.9,89.9,60.7,21,  13.1 ,A.D.S,2,FALSE,,60.4,3,65.7
SJC2600088,27/05/2026,76.8,52.5,43.4,56.7,82.9,21,22.9, CSBS ,2,no,93.2,,3,82.4
SJC2600215,2026-06-05,78.9,74.2,62.9,79.7,83.2,20,fourteen, AML ,2nd,Y,64.4,69.3,4,79.0
SJC2600316,2026-06-02,74.9,80.5,82.1,70.9,94.6,21,  11.4 , Cyber ,Third,No,,65.5,2,82.0
SJC2601118,Jun 09 2026,,57.0,81.0,66.1,,22,  16.6 ,aml,2,Y,88.9,57.7,4,69.6
SJC2600408,13/06/2026,68.1,55.3,60.8,86.6,77.5,18,9 hrs,IT,2,FALSE,66.2,48.8,0,53.4
SJC2601758,21/05/2026,77.1,53.4,39.8,87.0,73.1,22,fourteen,AML,Third,FALSE,52.0,59.4,1,58.2
SJC2600451,24/05/2026,83.6,60.6,70.4,88.1,73.1,21,2,C.S.E,II,1,79.6,57.6,4,76.6
SJC2601916,2026-05-16,,57.4,40.9,71.0,75.5,21,  12.0 , AML ,2nd,Y,77.6,42.9,0,75.4
SJC2600422,Jun 10 2026,65.9,44.5,48.8,58.1,58.9,24,twelve,A.D.S,3rd,False,68.4,58.6,1,56.3
SJC2601748,2026-06-09,,71.4,57.2,68.8,70.0,20,8, ADS ,3,Y,79.2,79.2,4,64.1
SJC2600197,May 22 2026,75.5,35.8,49.3,57.2,59.4,22,0 hrs,csbs,2nd,Yes,48.4,55.9,1,32.3
SJC2601567,May 29 2026,85.9,42.2,31.7,70.6,54.7,21,ten,I.T,3,yes,92.1,44.5,0,55.0
SJC2600805,28/05/2026,82.6,72.3,64.0,59.0,73.3,21,8,C.S.B.S,Third,no,52.4,76.7,4,73.2
SJC2602203,Jun 03 2026,87.8,65.9,60.1,61.8,66.2,22,twelve,CSE,3rd,yes,71.9,63.0,4,62.8
SJC2602474,09/06/2026,95.2,64.1,50.5,64.7,47.4,18,10,CSE,2nd,no,93.3,47.3,4,61.1
SJC2600400,2026-05-04,92.5,47.2,54.0,71.8,55.2,22,6,aml,2nd,Yes,,55.6,2,77.8
SJC2602167,21/05/2026,95.1,60.3,73.1,84.5,65.5,24,11.7, ADS ,2,N,79.5,65.9,4,98.9
SJC2602028,May 07 2026,93.0,,69.9,81.5,67.3,22,11 hrs,cse,2nd,0,81.0,52.4,4,80.6
SJC2600979,15/05/2026,77.9,71.8,63.7,76.9,81.3,24,10 hrs,cyber,2nd,yes,72.5,66.4,1,72.7
SJC2602311,May 18 2026,82.5,62.0,48.4,-30.0,63.6,18,  13.7 , ADS ,2,N,,52.5,0,76.3
SJC2601125,27/05/2026,87.3,84.0,63.1,89.3,82.5,18,twelve,CSBS,III,N,59.9,64.4,0,97.2
SJC2601633,2026-06-13,,79.3,78.6,73.4,90.4,20,eleven,it,Third,False,70.6,60.4,0,75.4
SJC2602321,May 08 2026,82.7,75.1,87.5,74.9,86.2,20,12,IT,3rd,No,59.1,71.2,4,95.3
SJC2601244,2026-05-09,,60.1,60.4,9999.0,69.0,18,6 hrs,CSE,3,True,62.6,61.6,2,61.8
SJC2600762,Jun 03 2026,61.6,,31.8,58.1,59.4,18,  8.0 ,A.M.L,II,0,,52.5,4,35.5
SJC2601569,May 06 2026,83.5,84.5,61.0,94.8,71.6,22,fifteen,A.D.S,II,1,84.5,86.4,3,81.4
SJC2601775,07/05/2026,74.4,54.5,52.7,64.0,,21,12.6,CSE,II,no,74.9,67.9,1,67.5
SJC2601545,May 22 2026,86.8,65.3,72.4,84.0,54.0,20,9 hrs,cse,II,False,66.2,,3,68.8
SJC2601093,Jun 09 2026,150.0,45.0,57.1,76.6,62.4,21,6 hrs,aml,2,Yes,82.8,49.4,2,48.8
SJC2600602,03/05/2026,69.5,83.7,75.8,73.3,62.7,22,11.8,aml,Second,FALSE,76.9,80.9,2,87.4
SJC2600004,2026-05-22,87.1,68.0,62.5,85.6,71.1,21,13,ads,Second,True,69.5,63.7,1,89.5
SJC2600151,Jun 13 2026,91.2,54.3,70.7,52.8,70.1,21,  12.4 ,A.M.L,2nd,False,90.2,64.3,0,81.9
SJC2600140,24/05/2026,71.2,66.2,73.2,81.9,66.7,20,  14.6 ,it,Second,Y,68.1,61.0,3,88.9
SJC2600530,2026-06-15,80.4,72.1,55.9,69.2,,18,fourteen, ADS ,II,False,94.4,46.1,0,86.6
SJC2602459,2026-06-01,88.9,69.9,60.2,60.2,,18,  13.7 ,it,3,No,82.1,57.4,0,80.4
SJC2600141,02/06/2026,69.9,,70.3,57.9,76.8,21,5,cyber,Second,Yes,73.4,66.8,0,70.4
SJC2600394,2026-05-05,77.0,61.6,56.2,83.0,60.1,18,  14.4 , CSE ,2,no,77.8,46.9,3,83.2
SJC2600477,2026-05-20,62.2,,46.2,60.3,44.5,21,8 hrs, AML ,II,False,40.8,41.6,0,22.9
SJC2601920,Jun 04 2026,65.5,47.5,59.0,55.6,72.8,20,10 hrs,IT,III,Yes,82.9,44.8,2,50.9
SJC2600636,2026-05-07,83.0,,-1.0,73.1,,21,12.3,CSE,Second,FALSE,69.5,57.8,3,97.0
SJC2601028,May 05 2026,69.7,60.8,61.7,65.7,43.0,21,12,IT,II,Yes,84.9,51.1,2,73.6
SJC2601420,2026-06-12,78.3,54.4,37.2,83.1,51.1,20,  2.4 ,IT,Second,No,79.8,40.1,0,48.6
SJC2602063,May 16 2026,79.1,59.6,51.1,83.9,65.8,22,nine,C.S.E,II,FALSE,73.5,62.1,1,64.8
SJC2600253,26/05/2026,67.6,47.6,55.9,74.6,66.4,18,  16.3 ,I.T,3,no,47.2,45.1,2,65.3
SJC2600780,01/06/2026,71.3,65.3,73.3,9999.0,81.5,22,6.4, AML ,2nd,no,90.0,60.5,4,58.6
SJC2600226,Jun 15 2026,92.2,,58.4,75.8,44.3,21,zero, Cyber ,2nd,Y,83.6,50.2,2,49.3
SJC2601527,May 11 2026,72.9,61.0,76.2,59.5,76.1,21,twelve,aml,II,N,,59.8,1,66.7
SJC2601154,23/05/2026,76.7,48.9,42.1,70.1,61.5,20,4.6,C.S.B.S,Third,Y,70.9,74.2,4,56.8
SJC2602318,2026-05-07,87.4,86.7,57.4,58.8,78.6,22,12 hrs,A.D.S,2nd,FALSE,87.1,76.5,4,78.6
SJC2601214,May 17 2026,75.2,59.0,68.0,56.4,61.9,18,9,AML,2nd,True,66.0,72.7,0,74.8
SJC2600186,17/05/2026,79.5,37.4,26.7,68.4,60.0,22,9,A.D.S,3,Yes,62.4,36.1,0,52.9
SJC2601231,Jun 02 2026,82.4,76.1,62.5,72.4,81.8,21,15 hrs, CSE ,2,N,71.6,72.4,1,83.1
SJC2601347,2026-05-27,,57.5,49.3,58.0,63.2,22,16, IT ,II,Y,,,2,83.2
SJC2601631,20/05/2026,91.2,87.4,73.6,74.9,96.7,21,11.5,C.S.E,2nd,N,54.6,94.6,2,87.9
SJC2601666,2026-05-20,79.0,78.1,87.4,69.3,98.0,21,10 hrs,aml,Second,1,74.8,74.8,1,73.9
SJC2601482,2026-06-12,68.6,67.0,58.1,80.2,67.6,22,five, ADS ,II,Yes,49.2,56.2,4,52.6
SJC2602266,2026-05-29,87.6,37.1,42.9,67.9,56.0,22,2,C.S.E,II,Yes,61.0,44.9,4,46.1
SJC2602130,23/05/2026,94.3,59.7,54.9,65.0,70.5,22,14,ADS,3,False,85.1,62.1,2,89.0
SJC2600349,07/05/2026,87.3,44.2,38.9,78.1,40.4,21,10,ads,2,Y,59.8,61.3,3,54.1
SJC2601979,17/05/2026,73.9,76.4,999.0,62.6,97.1,22,eleven,aml,2,0,87.3,61.5,2,79.9
SJC2602449,May 23 2026,68.9,65.8,71.4,53.0,80.6,18,7 hrs, CSE ,3,False,89.2,71.6,2,70.1
SJC2601126,2026-06-10,66.3,62.9,33.4,80.3,70.8,21,14.0, IT ,II,TRUE,76.8,55.4,3,50.6
SJC2600864,30/05/2026,93.1,52.6,78.1,81.8,61.6,21,8,CSE,Second,True,60.8,60.8,3,67.3
SJC2600631,Jun 05 2026,54.5,,88.2,90.2,87.1,24,15,A.M.L,Second,Yes,47.9,66.6,1,56.1
SJC2600448,2026-05-29,97.2,58.5,70.0,69.6,55.5,22,7,aml,2,N,84.9,51.0,4,51.2
SJC2600596,May 05 2026,,54.3,76.8,75.4,81.8,20,thirteen, CSBS ,3,True,,59.6,0,77.7
SJC2601402,2026-05-13,92.4,49.8,-1.0,66.1,45.1,18,five,ads,2nd,False,72.7,43.6,4,49.1
SJC2601837,Jun 13 2026,,55.6,64.2,81.3,87.9,20,9.8,IT,2nd,1,48.8,66.1,3,75.5
SJC2601676,2026-05-15,94.4,68.4,66.3,100.0,64.3,22,12 hrs,ADS,2nd,True,80.4,57.8,1,92.8
SJC2600131,30/05/2026,90.9,41.3,-1.0,88.4,50.7,21,  10.8 ,ads,Second,yes,51.5,,4,46.0
SJC2600894,16/05/2026,99.0,68.9,94.1,-30.0,76.2,22,fourteen, IT ,Third,False,78.3,60.0,0,92.6
SJC2601139,2026-05-06,84.4,69.2,85.0,61.2,80.6,24,3.7,aml,II,yes,66.5,70.5,4,64.3
SJC2600769,07/05/2026,71.5,50.4,46.7,60.7,47.7,20,10 hrs, CSBS ,3rd,Y,60.5,35.9,1,48.8
SJC2600107,03/06/2026,71.0,70.1,73.5,61.9,81.4,20,9.6,cyber,Second,No,83.6,65.6,1,86.7
SJC2600839,29/05/2026,79.7,70.3,70.7,80.3,71.4,22,  15.9 ,AML,2nd,No,70.4,66.7,2,94.2
SJC2602315,May 16 2026,93.4,68.2,82.6,88.3,73.8,24,  13.4 ,A.M.L,II,False,53.6,70.4,2,79.5
SJC2601143,08/06/2026,87.4,57.4,61.8,74.7,,21,7 hrs,ADS,3rd,FALSE,68.5,68.2,4,69.2
SJC2600741,2026-05-02,41.3,71.7,70.1,81.1,76.7,22,7.2,CSE,Second,no,58.7,,1,72.7
SJC2601401,01/06/2026,55.6,54.2,63.4,65.0,77.4,21,7, AML ,2nd,1,78.4,54.6,4,59.7
SJC2601173,10/06/2026,79.9,57.8,87.7,64.5,73.2,20,9.8,A.D.S,3rd,0,74.7,71.3,3,71.5
SJC2601564,Jun 12 2026,,78.8,85.8,-30.0,88.1,20,  12.9 ,aml,2nd,No,75.7,75.0,1,100.0
SJC2602341,2026-06-06,71.6,,76.0,80.9,86.2,22,10.8, CSE ,Second,FALSE,84.2,94.8,0,88.5
SJC2601156,2026-05-09,,63.6,72.3,87.8,73.5,20,14, CSBS ,2nd,1,94.6,68.3,4,99.3
SJC2602290,May 31 2026,85.7,,61.4,81.9,51.3,22,six,it,Second,no,75.3,46.7,3,48.0
SJC2601225,16/05/2026,69.0,,77.1,82.0,62.0,20,10.9,cse,Second,True,100.0,54.2,2,71.2
SJC2600576,May 03 2026,91.7,,63.8,68.9,55.7,21,9 hrs,A.M.L,III,yes,80.1,,1,75.9
SJC2600204,30/05/2026,61.4,50.6,53.8,9999.0,65.7,18,seven, CSBS ,Second,Yes,70.9,66.8,0,52.9
SJC2601525,29/05/2026,75.2,71.0,70.3,67.6,70.1,22,6,IT,III,1,59.5,61.2,1,85.5
SJC2601620,2026-05-13,59.9,57.7,66.6,58.0,76.7,21,4,CYBER,III,FALSE,58.8,80.6,0,50.7
SJC2601164,May 16 2026,89.9,38.6,59.6,74.9,67.5,20,10,CSE,2,False,,48.7,4,62.4
SJC2602336,12/06/2026,99.3,58.9,61.1,79.0,80.2,18,ten,CYBER,Second,Yes,,56.0,4,92.0
SJC2601091,May 23 2026,79.0,59.1,52.7,69.6,66.0,20,14,CSBS,3,False,55.2,,2,75.0
SJC2601630,04/06/2026,74.7,,57.4,89.4,,21,14,it,2nd,TRUE,81.5,32.8,0,60.7
SJC2600405,10/06/2026,76.1,54.5,50.6,62.3,74.7,18,6,cse,2,Yes,81.9,54.2,2,64.2
SJC2601074,2026-05-11,,58.5,56.7,84.0,54.3,18,six,ads,II,N,68.2,,2,62.8
SJC2600117,2026-05-31,53.6,35.6,56.5,77.8,63.5,20,eight, ADS ,II,No,63.3,48.4,2,43.6
SJC2602221,15/06/2026,69.6,81.0,63.6,76.0,84.9,24,  11.9 ,C.S.E,2nd,1,62.3,76.9,3,74.1
SJC2600234,31/05/2026,68.8,61.6,46.5,79.1,47.6,22,11 hrs,C.S.E,Second,N,79.7,,3,64.1
SJC2602483,2026-06-01,68.3,,50.4,84.3,59.1,21,  10.3 ,C.S.E,2,False,83.5,46.0,4,50.7
SJC2602104,May 21 2026,84.7,69.2,85.5,89.6,79.9,21,15,ads,Second,1,78.8,81.2,2,93.2
SJC2601333,02/06/2026,52.3,51.0,51.9,94.2,61.7,18,  16.6 ,C.S.B.S,II,TRUE,70.9,58.2,3,79.8
SJC2601786,May 26 2026,59.5,60.8,58.9,56.7,66.6,20,7, ADS ,2nd,N,84.1,,3,51.6
SJC2602327,May 29 2026,100.0,57.2,69.5,82.2,75.1,21,thirteen,cse,3,False,47.1,57.1,0,74.2
SJC2600729,02/06/2026,82.7,33.8,19.3,78.2,,22,  14.8 ,CSBS,III,no,74.6,43.5,4,75.5
SJC2601430,05/06/2026,,55.8,65.5,74.9,74.0,21,12 hrs, IT ,2,True,65.4,49.0,3,64.6
SJC2601281,May 22 2026,,75.5,76.4,87.7,76.3,21,7.1,ADS,Second,Yes,66.2,58.7,0,74.0
SJC2600660,2026-05-18,74.3,60.1,71.0,81.1,96.3,20,eleven, IT ,2nd,TRUE,91.8,69.7,1,82.3
SJC2601412,2026-05-09,76.1,70.4,57.9,70.6,54.0,20,  8.4 ,cse,II,No,81.5,,3,68.7
SJC2600730,2026-05-25,87.3,65.2,40.4,58.1,54.2,22,10.2,C.S.E,3,Yes,78.3,54.1,3,59.3
SJC2601124,2026-06-15,90.5,,55.7,89.1,81.3,20,11.4, AML ,Second,1,85.5,59.5,4,76.3
SJC2601287,Jun 08 2026,79.1,63.9,62.2,78.2,62.9,20,16,CSBS,Second,Yes,60.6,63.1,1,84.3
SJC2601736,May 17 2026,84.2,61.1,42.1,59.1,72.0,22,13.9,AML,Second,yes,78.5,40.5,4,61.7
SJC2600791,14/06/2026,68.8,60.3,56.9,87.8,60.2,22,12.8,A.D.S,2nd,Yes,,48.0,0,53.6
SJC2601316,2026-05-03,,87.0,75.5,65.6,98.0,21,fourteen,I.T,2,True,97.2,71.0,1,89.5
SJC2600430,May 27 2026,88.7,,46.3,58.7,70.0,22,10 hrs,Cyber,2nd,no,57.3,51.4,2,64.7
SJC2601134,2026-05-16,49.6,51.1,80.1,81.9,64.0,22,5.3,ads,3,False,58.2,61.4,0,45.2
SJC2601280,2026-05-09,,40.3,999.0,61.2,56.5,22,1,C.S.E,2nd,Yes,83.8,43.0,3,40.0
SJC2600104,2026-06-02,,57.9,54.8,80.1,68.7,18,14 hrs,CYBER,2nd,Y,,49.7,2,76.1
SJC2601623,May 04 2026,68.8,82.0,75.8,74.7,84.4,20,four,A.D.S,II,1,72.2,65.1,4,68.5
SJC2601329,2026-05-20,,61.6,77.8,65.9,81.2,20,11 hrs,ads,II,Y,82.2,75.4,1,83.5
SJC2600055,31/05/2026,71.9,64.4,42.9,71.4,56.6,20,nine, IT ,Second,N,64.3,56.4,3,42.2
SJC2601266,May 25 2026,94.2,,49.2,67.6,61.9,22,nine,CSBS,Third,FALSE,87.9,47.0,4,81.3
SJC2601713,05/05/2026,70.7,62.2,58.1,66.9,56.8,21,4 hrs,Cyber,II,1,76.4,61.7,2,62.5
SJC2600449,Jun 09 2026,93.1,66.6,66.0,80.0,63.6,24,6 hrs, AML ,2nd,No,,57.5,3,74.1
SJC2600299,02/06/2026,94.0,77.2,68.8,89.1,70.5,20,thirteen, CSE ,3,True,66.9,61.8,2,87.1
SJC2602129,2026-06-04,100.0,51.9,46.7,54.2,38.2,22,7 hrs,AML,Third,False,87.3,47.3,2,49.8
SJC2600029,May 07 2026,,35.9,58.7,75.9,46.6,22,8.1,A.D.S,2,No,46.4,,2,37.1
SJC2601727,May 28 2026,72.4,52.3,-1.0,86.8,,20,9 hrs,A.D.S,Second,True,87.5,52.4,4,60.9
SJC2601789,2026-06-10,79.0,54.8,74.4,64.4,73.3,20,7.4,CYBER,II,No,86.3,,3,68.1
SJC2601328,Jun 05 2026,73.7,61.9,59.2,68.1,75.5,21,9.1,CSBS,2nd,No,70.9,72.5,4,81.1
SJC2602454,May 02 2026,83.4,33.6,47.1,65.6,47.6,21,6 hrs,cyber,3,N,77.1,55.3,3,68.3
SJC2600669,2026-05-05,100.0,48.0,45.7,92.5,73.8,21,11.5,CYBER,3,1,58.8,,1,82.3
SJC2602022,01/06/2026,89.0,60.1,72.3,73.6,71.4,20,  15.6 ,CYBER,2,no,,63.4,0,68.2
SJC2600555,2026-06-15,,53.1,68.0,79.4,75.4,21,12.6, Cyber ,2,yes,70.9,60.5,1,72.0
SJC2600363,13/06/2026,82.4,60.5,999.0,71.6,53.5,21,two, Cyber ,III,Yes,73.0,62.2,4,53.8
SJC2602354,25/05/2026,,60.3,46.9,80.2,73.0,21,  14.7 , CSE ,Second,True,63.4,40.8,2,75.8
SJC2601035,Jun 11 2026,71.6,64.6,46.3,53.3,71.9,21,nine,A.M.L,2nd,Yes,82.0,49.2,3,47.6
SJC2600257,May 16 2026,52.4,62.9,63.3,67.1,67.3,21,9.0, CSBS ,II,0,75.8,50.8,2,61.7
SJC2602409,May 12 2026,87.6,,54.7,52.2,71.9,21,  8.6 ,CYBER,3rd,No,,53.7,2,79.4
SJC2602258,2026-05-09,74.5,,62.1,66.6,67.0,22,15,IT,Third,TRUE,,51.6,2,64.4
SJC2602334,13/06/2026,72.2,71.6,81.1,92.5,51.6,21,10,CYBER,Second,Yes,74.9,,0,75.6
SJC2600510,2026-05-09,72.9,,37.2,88.0,43.0,24,three,C.S.B.S,3,Y,64.8,43.7,3,50.0
SJC2600284,2026-05-20,70.1,69.7,59.6,63.5,64.1,22,  5.7 ,CSE,II,FALSE,74.0,53.4,2,58.0
SJC2600320,2026-05-06,87.4,78.9,68.3,67.6,,21,11 hrs, Cyber ,Second,0,75.9,73.5,3,86.3
SJC2600479,04/06/2026,999.0,70.7,59.5,55.6,83.5,22,12 hrs,C.S.E,Second,0,95.3,65.0,0,70.5
SJC2602066,02/06/2026,67.5,62.2,67.0,87.9,82.3,18,9 hrs,cyber,II,No,67.5,79.8,4,76.7
SJC2602033,2026-06-12,85.2,75.6,82.4,79.2,60.3,22,11,C.S.B.S,Second,False,93.3,68.9,0,89.5
SJC2601974,2026-05-08,93.6,66.9,60.5,94.2,65.4,21,  10.1 , AML ,Second,0,,65.3,2,84.2
SJC2600471,2026-06-10,95.1,53.1,67.0,68.3,86.1,21,fifteen, CSE ,2nd,False,60.7,55.8,1,78.8
SJC2601152,09/06/2026,73.4,60.9,47.5,88.9,60.7,21,4,cyber,II,TRUE,83.1,56.0,1,59.8
SJC2600767,2026-06-10,73.7,92.5,56.6,59.3,83.1,20,10.8,ADS,II,True,68.0,81.3,1,71.5
SJC2602186,2026-05-03,,66.1,56.6,73.1,76.3,20,eleven,A.M.L,Second,True,79.0,63.6,2,91.4
SJC2600988,06/06/2026,76.5,63.6,63.9,49.6,74.1,20,14.1,A.M.L,II,FALSE,77.4,74.8,3,87.5
SJC2601184,May 08 2026,83.4,51.8,76.2,63.3,,18,13.2,C.S.B.S,II,Yes,88.7,55.4,2,77.2
SJC2600397,2026-05-29,74.9,72.3,71.5,57.7,95.4,21,9,csbs,3rd,Yes,65.7,74.9,1,88.9
SJC2602116,2026-06-01,63.3,88.1,78.2,59.2,85.8,21,11 hrs,ADS,2,No,,70.7,3,87.1
SJC2600640,2026-06-10,73.9,,48.3,82.1,74.1,21,  12.2 ,it,II,1,65.6,57.2,3,68.2
SJC2600943,2026-05-27,90.0,56.6,50.6,86.6,57.0,24,nine,A.D.S,3,no,,59.1,4,78.3
SJC2601301,01/06/2026,79.2,58.1,61.0,63.8,63.4,20,10 hrs,cyber,3rd,yes,80.1,54.6,4,71.0
SJC2601242,11/05/2026,67.4,59.4,83.5,88.6,74.2,22,9 hrs,CSE,2,0,48.0,64.1,2,75.6
SJC2601984,2026-05-26,76.5,41.7,43.2,85.5,66.0,20,twelve, CSBS ,2,True,71.5,55.7,1,64.5
SJC2602177,07/06/2026,55.4,78.3,84.2,55.8,84.3,20,12, AML ,II,True,77.7,,0,74.0
SJC2602367,2026-05-11,87.1,86.8,66.8,74.2,92.4,21,thirteen, CSBS ,2nd,False,90.6,61.1,2,82.6
SJC2602111,30/05/2026,,49.8,38.1,52.3,74.9,20,fifteen,A.D.S,2nd,N,83.4,50.4,0,60.2
SJC2601950,2026-05-31,76.6,56.7,52.6,64.3,44.2,20,2,ADS,2nd,No,92.1,48.8,4,58.4
SJC2600213,May 12 2026,64.9,57.6,-1.0,68.1,68.9,24,8,aml,III,1,100.0,57.7,4,52.9
SJC2602080,12/06/2026,68.3,65.0,65.0,52.9,66.4,20,  10.7 ,cyber,Second,True,52.1,61.3,4,61.3
SJC2601742,2026-06-15,59.3,27.2,30.2,54.6,57.3,20,thirteen,C.S.E,Third,Y,75.0,45.0,1,43.2
SJC2601691,2026-05-08,80.0,56.0,58.8,74.5,68.3,20,twelve, CSE ,2nd,no,80.8,51.7,4,70.7
SJC2602050,20/05/2026,,52.5,75.1,76.8,69.1,20,5,Cyber,II,False,67.2,70.2,4,64.4
SJC2601100,2026-05-26,,60.6,60.3,79.1,62.5,20,10,it,Second,1,49.8,55.7,2,75.6
SJC2601254,May 02 2026,75.2,42.3,64.6,83.8,66.8,20,  6.3 ,IT,2,1,51.7,51.9,1,38.4
SJC2601621,10/05/2026,,73.4,75.6,72.1,59.2,21,  7.2 ,A.M.L,Third,Y,86.7,71.0,3,95.4
SJC2600968,23/05/2026,87.4,,71.9,80.1,67.9,20,10,IT,II,N,85.4,57.1,4,90.2
SJC2602064,May 18 2026,,55.4,40.5,84.0,,20,12 hrs,CSE,Second,No,97.3,,2,77.0
SJC2601585,Jun 12 2026,75.4,57.5,38.8,86.2,70.8,21,  12.3 ,cyber,Second,FALSE,70.6,56.9,1,60.8
SJC2601389,01/06/2026,74.8,54.9,54.6,62.0,67.2,20,11.1, ADS ,2,Yes,68.6,59.6,3,56.8
SJC2601052,2026-06-10,89.5,,44.8,60.7,71.8,24,  12.2 ,IT,2,True,73.5,77.1,2,78.2
SJC2601321,May 28 2026,92.7,59.3,59.2,81.2,69.4,20,five,csbs,2nd,False,70.1,65.3,1,76.0
SJC2601725,2026-06-02,72.7,66.0,69.1,75.2,79.8,18,ten,CSBS,Second,TRUE,58.0,73.8,2,66.2
SJC2600114,02/05/2026,74.1,59.7,69.9,62.5,55.0,21,8 hrs,cse,II,False,86.2,50.6,0,72.9
SJC2601003,2026-05-02,64.4,53.1,61.4,44.5,62.9,21,2.7,AML,Second,TRUE,83.9,53.7,2,52.2
SJC2601806,2026-06-05,65.1,33.3,54.5,57.8,54.4,20,9,Cyber,Third,TRUE,60.0,31.2,3,26.2
SJC2601050,May 05 2026,79.5,33.7,58.5,78.2,69.2,20,nine,it,2,Yes,80.2,54.5,3,64.7
SJC2601663,10/05/2026,67.9,64.5,-1.0,69.8,85.3,21,9 hrs, ADS ,2nd,False,59.1,70.9,4,58.8
SJC2600196,2026-05-25,72.2,44.4,35.7,68.6,57.5,18,eleven,CSE,II,No,88.4,57.6,2,73.4
SJC2600382,2026-05-29,74.7,67.0,66.0,52.0,84.0,22,  9.7 ,CYBER,II,No,64.5,75.6,2,79.4
SJC2601372,Jun 13 2026,72.3,69.9,67.8,95.0,63.9,22,  5.1 ,A.D.S,II,1,52.0,,0,62.6
SJC2600832,Jun 04 2026,97.8,64.2,49.8,60.1,69.7,22,10 hrs,cyber,3rd,False,67.7,64.6,0,71.3
SJC2602079,2026-06-13,43.2,66.1,60.8,67.1,60.0,20,  8.6 ,A.D.S,Second,No,,55.8,4,48.6
SJC2602160,May 16 2026,63.6,83.0,86.0,59.3,75.5,21,  10.8 ,ads,2,0,62.4,62.2,3,72.5
SJC2602224,2026-05-07,,48.3,50.8,71.3,58.9,18,eight, CSBS ,III,FALSE,56.2,59.1,2,59.2
SJC2601425,17/05/2026,99.4,76.4,74.9,60.8,90.3,21,  14.3 ,C.S.E,3,N,85.3,62.3,2,100.0
SJC2601265,14/05/2026,94.0,66.5,51.4,92.5,,21,eight, AML ,II,True,99.3,42.4,1,68.3
SJC2600613,09/05/2026,88.1,69.3,69.8,63.7,63.8,21,  0.7 , CSE ,Third,False,100.0,59.2,2,69.0
SJC2600770,2026-05-15,150.0,79.0,86.2,9999.0,88.1,21,19.5,ads,3,False,96.1,,1,100.0
SJC2600600,2026-06-12,75.8,38.7,50.8,74.4,76.3,18,  5.5 ,cyber,II,0,71.2,60.7,2,42.4
SJC2600380,2026-06-01,80.1,52.2,26.0,79.1,47.0,21,12 hrs, IT ,2,no,81.1,32.7,0,62.8
SJC2601626,Jun 03 2026,79.8,58.3,55.8,68.2,72.9,20,  13.6 ,it,II,False,72.0,65.6,0,75.2
SJC2601415,03/05/2026,72.9,56.4,54.1,71.0,62.7,21,4 hrs,AML,Third,1,62.1,54.9,3,51.8
SJC2600753,May 30 2026,72.9,64.5,66.1,57.1,71.2,21,11.5,CSE,II,no,71.3,69.7,3,70.6
SJC2602395,02/06/2026,82.2,78.3,66.0,87.7,56.2,21,  4.6 , CSE ,2nd,TRUE,70.7,64.2,1,60.6
SJC2601937,04/06/2026,100.0,67.7,51.2,73.3,46.7,22,8 hrs, Cyber ,Third,No,74.6,43.6,2,59.6
SJC2600287,2026-05-20,82.1,65.5,48.9,82.2,76.4,20,  8.4 ,ads,II,TRUE,,52.0,3,74.7
SJC2600706,Jun 02 2026,,62.3,75.2,93.8,65.2,22,eleven,csbs,III,no,99.8,63.8,2,89.3
SJC2601325,May 19 2026,,,-1.0,9999.0,62.0,22,  4.0 ,CYBER,2nd,No,71.7,77.4,4,79.8
SJC2600149,2026-05-16,80.7,49.1,58.5,65.3,51.1,20,six, ADS ,Third,No,82.3,29.2,3,49.1
SJC2601133,2026-06-08,61.4,77.2,65.3,86.2,72.4,18,three,Cyber,Third,No,,63.5,1,59.2
SJC2602243,2026-06-13,999.0,39.2,38.5,73.7,58.6,24,6,C.S.B.S,2nd,no,51.8,44.7,0,54.7
SJC2602017,2026-06-02,74.0,28.6,25.4,78.0,52.5,22,5 hrs,C.S.B.S,2nd,no,59.1,35.3,1,56.3
SJC2601292,May 04 2026,79.8,54.4,61.2,88.3,98.0,20,ten, IT ,II,no,57.4,58.9,3,70.2
SJC2601780,May 24 2026,85.3,55.9,47.5,59.6,,24,20,IT,2nd,Y,51.6,53.1,2,74.9
SJC2602284,2026-06-04,48.8,55.4,55.6,67.6,66.0,21,6 hrs,it,2nd,False,,56.1,4,56.5
SJC2601277,2026-06-10,91.5,75.9,73.9,75.1,52.3,24,7.1, CSE ,Second,0,73.9,56.4,2,77.6
SJC2600544,06/06/2026,97.6,56.6,74.0,69.8,60.0,20,8, IT ,2nd,1,75.5,63.1,2,50.8
SJC2601849,2026-06-07,65.2,47.8,46.8,51.9,,21,5.8,CSE,2nd,FALSE,49.1,,3,47.5
SJC2600810,27/05/2026,87.5,61.3,59.3,74.0,74.7,21,  8.5 , ADS ,2nd,No,69.7,85.3,3,82.1
SJC2600336,Jun 07 2026,77.1,40.2,48.0,81.2,42.3,18,four,C.S.B.S,II,No,67.9,37.3,1,42.3
SJC2601025,Jun 10 2026,83.1,64.1,72.1,48.7,86.8,20,  10.7 ,ADS,2nd,N,77.1,83.3,4,84.0
SJC2601706,May 30 2026,100.0,53.7,42.8,60.9,46.6,22,10.9, CSE ,Second,True,62.6,45.5,2,51.1
SJC2600268,Jun 05 2026,91.6,,57.3,64.5,68.2,21,11 hrs, Cyber ,Third,Y,56.6,,3,50.8
SJC2600987,Jun 01 2026,74.6,45.1,46.8,59.6,54.8,24,9 hrs,it,3,1,82.8,52.0,2,50.6
SJC2601949,Jun 09 2026,,67.7,61.1,92.0,,21,12,CSBS,3,0,80.5,61.6,2,86.3
SJC2601437,14/05/2026,71.6,73.0,73.2,83.2,74.3,22,  9.5 ,cyber,2nd,Y,63.0,64.4,0,86.4
SJC2601226,2026-05-16,67.9,55.7,49.4,97.6,52.8,22,  11.8 ,cyber,2nd,yes,65.7,41.4,0,67.9
SJC2602401,May 10 2026,150.0,56.6,60.1,85.8,60.8,21,10.1,Cyber,Second,False,69.9,73.2,2,73.1
SJC2602075,04/05/2026,90.4,55.8,50.4,69.2,67.2,22,12, IT ,II,FALSE,87.4,57.9,1,87.7
SJC2601526,2026-06-14,91.5,58.2,55.5,-30.0,43.7,18,8 hrs,CSBS,2nd,N,66.6,57.5,2,57.2
SJC2600731,May 13 2026,99.0,58.2,62.2,78.5,73.6,20,10,C.S.B.S,2,No,100.0,57.1,2,92.1
SJC2602399,Jun 11 2026,65.8,,69.8,74.5,73.7,22,10,I.T,II,FALSE,91.8,46.7,1,67.8
SJC2601249,Jun 06 2026,80.7,73.5,69.4,58.0,77.6,22,9 hrs,cyber,3,N,85.0,61.4,1,79.9
SJC2600844,May 08 2026,97.4,92.7,74.3,70.5,68.0,24,  0.0 ,A.M.L,2,False,92.7,74.1,3,93.1
SJC2600809,03/06/2026,89.1,57.1,55.8,54.1,,22,3 hrs,C.S.E,Second,FALSE,72.5,42.7,0,55.0
SJC2601952,03/06/2026,88.3,,73.9,66.7,79.9,18,11,Cyber,3rd,True,63.9,61.3,2,61.5
SJC2602349,Jun 06 2026,73.4,81.2,999.0,59.4,86.7,22,9.6,csbs,III,1,,68.9,2,77.9
SJC2601570,2026-05-26,62.4,51.9,52.4,79.0,68.8,18,14.7,A.M.L,2,No,50.8,50.1,4,69.1
SJC2600028,2026-05-27,57.7,52.7,54.6,72.5,70.0,22,12,I.T,2,False,53.9,56.9,0,51.2
SJC2602415,May 22 2026,70.9,56.9,73.2,94.3,65.8,24,11.0,it,Second,TRUE,59.6,,0,63.3
SJC2600691,May 18 2026,71.3,55.1,48.6,76.2,95.2,18,12 hrs,aml,Second,1,62.6,62.3,0,62.9
SJC2602387,02/05/2026,81.9,,39.2,65.8,58.8,22,10, AML ,II,False,80.4,56.0,4,59.3
SJC2600577,11/05/2026,98.8,42.5,48.6,94.1,55.0,20,14,it,3,yes,92.7,44.1,0,96.1
SJC2600806,2026-05-06,79.3,52.1,43.3,76.4,,20,  12.5 , CSE ,2nd,FALSE,95.0,,4,79.6
SJC2601395,28/05/2026,79.2,70.1,79.3,87.4,76.7,22,  7.7 , ADS ,2nd,1,89.5,50.8,2,87.5
SJC2600527,May 28 2026,59.4,77.3,77.9,77.6,87.4,20,16,CYBER,Third,Y,74.4,75.6,2,95.2
SJC2600440,2026-06-15,100.0,38.0,46.3,61.4,66.3,21,9 hrs,CSE,2,yes,86.8,41.7,2,67.1
SJC2601201,2026-05-24,47.3,78.6,84.1,71.2,80.3,21,4.2, ADS ,2nd,yes,42.2,75.0,1,80.9
SJC2602179,2026-05-07,72.2,71.2,49.2,71.7,66.1,22,  10.6 , IT ,2,yes,54.5,59.2,2,51.9
SJC2601543,May 08 2026,67.9,48.0,39.8,99.5,73.2,21,8 hrs, CSBS ,II,No,68.8,57.9,1,60.2
SJC2600609,2026-05-03,71.3,67.5,74.0,65.6,88.4,21,12 hrs,C.S.E,2,No,72.5,72.9,4,93.8
SJC2601844,25/05/2026,62.8,53.9,49.6,67.0,58.1,22,7, Cyber ,II,yes,63.2,47.9,0,61.2
SJC2600393,2026-05-22,73.7,52.2,62.4,67.0,63.6,22,3 hrs,ADS,2,False,,71.1,1,59.5
SJC2600442,20/05/2026,74.4,64.5,59.3,74.9,,18,nine,I.T,2nd,FALSE,73.3,52.5,1,46.7
SJC2601906,25/05/2026,72.2,,56.0,85.4,66.2,22,  0.0 ,IT,3,False,94.4,54.9,0,70.2
SJC2600509,May 03 2026,71.5,57.3,51.0,86.4,74.6,22,7, CSE ,2nd,True,71.4,79.9,0,71.5
SJC2601203,2026-05-17,85.9,71.9,61.1,65.6,64.8,22,six, CSE ,2nd,Yes,84.3,67.8,1,78.2
SJC2602489,2026-05-15,63.4,52.4,58.3,84.5,65.4,18,  11.7 ,aml,Third,TRUE,63.8,62.4,3,45.8
SJC2602306,17/05/2026,83.4,78.3,72.0,77.5,84.0,21,14,CSE,3rd,True,66.8,73.3,3,92.7
SJC2600070,24/05/2026,69.3,,45.1,66.9,56.1,21,eleven,AML,Third,Y,88.7,41.0,4,59.9
SJC2601528,2026-06-02,100.0,,61.4,77.6,66.2,22,six,CSE,2nd,no,70.9,,3,82.6
SJC2600310,2026-05-05,81.2,74.8,72.3,88.3,73.8,20,13.4,C.S.B.S,Third,No,91.1,68.0,3,97.6
SJC2600714,Jun 02 2026,70.6,66.0,65.3,75.1,70.5,18,nine, CSE ,2nd,no,76.4,67.3,3,79.9
SJC2601239,May 06 2026,76.9,62.0,44.1,72.3,75.1,20,7 hrs, ADS ,II,N,,61.6,1,66.1
SJC2601358,24/05/2026,71.8,45.1,52.8,71.1,50.9,24,5,IT,Third,False,83.4,61.3,0,40.4
SJC2602042,08/05/2026,80.2,59.8,56.3,82.3,63.1,22,10 hrs,A.M.L,Second,Yes,44.9,63.1,0,75.1
SJC2600160,Jun 08 2026,76.3,36.3,50.3,89.2,44.5,22,11.0,CYBER,II,yes,67.6,,2,47.2
SJC2600358,05/05/2026,76.1,64.8,66.0,65.4,76.8,20,9 hrs,CSBS,2nd,0,79.4,70.9,3,91.0
SJC2602139,2026-06-14,81.3,54.6,64.9,65.4,59.7,22,  11.2 ,CSE,Second,Yes,90.0,66.0,3,69.5
SJC2600774,Jun 09 2026,75.6,55.2,54.5,58.5,57.8,20,5.7,cse,2,no,75.4,44.7,0,54.6
SJC2601746,2026-06-03,58.4,61.1,47.4,64.3,57.2,21,seven,CYBER,II,yes,41.1,60.2,1,44.6
SJC2602048,Jun 12 2026,67.7,83.4,72.1,85.6,78.7,18,one, CSBS ,II,TRUE,81.3,70.9,4,63.3
SJC2601256,24/05/2026,98.6,56.4,60.9,69.0,64.8,21,  10.8 ,it,II,Y,62.2,48.3,3,62.8
SJC2602000,28/05/2026,99.6,42.8,54.7,73.8,77.1,18,13 hrs,ADS,2nd,0,81.7,46.3,2,69.4
SJC2600385,Jun 09 2026,79.7,33.3,52.3,71.0,63.0,20,  11.6 ,csbs,II,True,70.9,51.0,4,52.8
SJC2601766,2026-05-07,76.3,46.2,48.8,64.1,60.6,21,9 hrs,A.M.L,3rd,yes,54.3,66.2,2,75.6
SJC2600347,2026-05-17,81.6,90.2,85.9,68.8,85.1,21,four, CSE ,II,FALSE,51.2,78.4,3,77.9
SJC2600278,14/06/2026,90.5,75.8,62.2,68.4,91.6,20,14 hrs, CSE ,II,yes,82.3,75.8,1,81.8
SJC2601541,09/05/2026,81.2,63.4,76.6,89.5,86.4,21,seven,CSE,Second,0,49.3,51.3,4,67.8
SJC2601283,2026-05-13,,59.1,42.1,61.3,62.7,21,17.6,ADS,Third,yes,64.2,,4,82.3
SJC2600587,May 11 2026,91.6,,41.1,77.0,,22,6, Cyber ,3,No,60.0,,1,55.9
SJC2600410,2026-06-11,99.9,73.1,999.0,77.3,81.2,22,seven,aml,3rd,0,70.8,63.4,3,74.2
SJC2601889,2026-05-08,,74.3,84.0,74.5,76.4,21,  12.5 , CSBS ,2nd,No,85.9,71.2,3,93.9
SJC2602453,2026-05-29,,56.3,67.7,60.5,76.2,20,6.6,CYBER,2,yes,67.2,68.0,0,70.2
SJC2600811,2026-05-08,94.4,49.8,64.4,68.9,72.8,20,8,aml,2,False,77.1,68.4,1,69.2
SJC2602346,May 20 2026,79.3,76.5,54.2,78.9,79.6,20,three,cse,Second,0,59.4,65.6,1,55.3
SJC2601202,2026-05-23,95.4,56.7,70.1,56.8,54.9,22,twelve,C.S.B.S,3rd,1,65.1,62.5,2,74.0
SJC2600037,2026-05-16,83.5,43.9,52.5,92.4,61.4,21,3, ADS ,II,no,45.4,50.1,1,40.8
SJC2601273,May 02 2026,58.8,61.1,29.1,47.4,64.0,20,8.5,CSE,III,N,76.2,37.8,3,39.1
SJC2601991,17/05/2026,84.9,42.5,41.8,64.4,50.4,18,7.0,csbs,Second,N,72.1,33.7,1,59.5
SJC2601838,2026-05-11,95.2,,60.6,39.9,69.5,21,8.2,I.T,2nd,TRUE,69.2,61.6,3,83.1
SJC2600840,01/06/2026,89.1,69.1,78.4,78.0,71.8,20,9,it,2nd,TRUE,,61.1,1,62.3
SJC2601455,May 11 2026,81.4,57.1,48.4,59.2,,21,9 hrs,CSE,Third,Y,97.6,51.6,1,68.2
SJC2601445,May 25 2026,,55.8,43.3,69.6,59.7,21,9.5,IT,Second,yes,86.5,55.6,2,68.0
SJC2600789,11/06/2026,90.0,68.2,65.4,80.3,,20,zero,CSBS,Second,No,71.9,74.2,1,66.2
SJC2600620,12/06/2026,100.0,62.1,74.2,85.4,68.9,22,17,A.M.L,2,True,,83.9,4,93.2
SJC2600021,2026-05-22,88.0,53.8,66.2,59.0,67.2,22,10,CYBER,III,TRUE,80.1,56.9,2,64.9
SJC2602135,2026-05-20,62.0,63.3,-1.0,83.4,68.4,20,10 hrs,C.S.E,Second,False,76.6,71.9,0,72.1
SJC2601258,Jun 15 2026,83.6,,77.2,62.0,69.0,20,eight,it,2,1,78.3,46.9,3,52.8
SJC2601079,12/06/2026,,50.7,52.0,73.5,68.9,21,  11.8 ,C.S.E,2nd,False,60.8,,0,78.2
SJC2602002,05/05/2026,98.5,58.2,50.0,99.7,,20,14.0,cse,2nd,No,77.8,56.3,0,82.2
SJC2602011,May 28 2026,70.1,75.6,72.9,65.5,76.1,20,  9.7 , CSBS ,II,FALSE,80.5,83.8,1,73.9
SJC2601056,May 19 2026,,53.5,48.7,64.7,62.6,21,six,cse,II,Y,54.4,52.2,1,48.2
SJC2600871,Jun 08 2026,78.2,52.9,72.8,85.0,60.7,21,  14.3 , CSE ,II,1,72.0,57.4,4,62.1
SJC2601728,14/05/2026,,50.1,68.4,89.7,60.4,18,four, IT ,Second,Y,89.4,60.3,2,57.3
SJC2600075,May 05 2026,65.9,50.3,49.8,60.1,,18,12.6,CSBS,3,1,91.7,,2,70.9
SJC2601914,May 30 2026,63.4,48.7,69.0,58.7,47.4,22,2,A.D.S,3,Y,,60.5,4,25.0
SJC2601063,2026-06-04,85.5,52.0,39.7,82.0,86.6,20,16 hrs,Cyber,Third,1,76.5,61.8,3,78.9
SJC2601607,Jun 11 2026,96.4,40.6,57.4,72.1,77.5,21,9.0,AML,Second,no,,,1,54.4
SJC2600960,May 06 2026,55.1,85.4,70.4,-30.0,62.5,24,3.8,csbs,III,No,,67.4,0,49.7
SJC2601477,May 19 2026,999.0,68.3,71.8,53.2,58.9,22,10,cyber,Third,Y,95.5,70.2,2,85.6
SJC2600003,2026-06-01,85.8,71.1,71.2,77.3,58.5,20,  4.2 ,IT,Second,True,80.8,62.0,2,73.0
SJC2601442,2026-06-06,77.7,58.4,50.4,84.0,74.6,20,8,AML,Second,no,87.5,67.5,1,75.3
SJC2602308,Jun 05 2026,100.0,48.7,41.7,77.7,55.1,20,7 hrs,ADS,Second,no,79.7,43.9,1,71.7
SJC2602275,May 21 2026,67.0,49.0,42.2,61.2,62.3,18,7.9,CSE,2,Yes,47.6,47.4,4,44.8
SJC2601739,16/05/2026,,49.0,57.1,59.2,68.3,20,6.3,IT,2nd,N,100.0,60.2,2,54.8
SJC2601387,2026-06-07,82.9,60.2,56.9,73.4,73.4,20,9 hrs,CSE,3rd,Yes,54.2,51.9,3,52.8
SJC2601068,08/06/2026,66.0,69.1,53.1,71.2,78.6,22,  12.1 ,csbs,Second,0,58.7,57.6,4,68.2
SJC2601681,May 15 2026,82.6,23.8,34.1,80.1,52.5,24,eight,ads,2,N,,46.9,2,58.3
SJC2601743,10/06/2026,83.8,55.7,53.8,73.2,64.0,21,fourteen, CSE ,2nd,Yes,76.8,,0,76.0
SJC2602285,May 14 2026,81.2,64.0,49.0,67.3,,20,7,A.D.S,2,1,89.2,68.9,0,59.4
SJC2600849,2026-05-03,83.6,57.5,57.5,92.7,,20,eight,CSBS,II,False,66.1,68.5,2,75.2
SJC2600326,14/06/2026,,70.9,85.5,76.7,82.3,24,13 hrs, AML ,II,1,,82.8,2,92.2
SJC2601998,May 13 2026,100.0,78.6,53.9,70.5,78.2,21,12, AML ,2nd,Y,83.3,71.9,4,75.2
SJC2601272,08/05/2026,66.2,58.6,61.5,81.0,,22,  11.2 ,A.M.L,II,yes,71.4,66.7,1,77.4
SJC2600948,11/06/2026,,34.3,49.5,72.7,62.6,21,  13.0 ,cse,2,1,77.2,51.0,3,51.7
SJC2601944,Jun 12 2026,90.9,57.0,49.4,71.0,,18,16,CSE,2nd,False,83.1,47.4,3,84.3
SJC2600869,2026-05-19,82.5,62.7,46.2,78.4,62.5,20,fifteen,csbs,II,no,87.8,65.2,3,71.9
SJC2600905,May 25 2026,77.0,,77.6,75.2,91.7,21,20 hrs,CSE,3rd,No,85.8,63.1,0,100.0
SJC2600304,2026-05-28,,54.3,32.7,74.8,62.6,20,  12.4 ,cse,3rd,no,80.3,70.1,0,59.9
SJC2601030,17/05/2026,100.0,,44.6,69.7,63.3,21,9 hrs,C.S.E,2,N,74.4,55.5,2,66.6
SJC2602358,18/05/2026,,86.1,67.5,62.7,69.3,20,10,Cyber,2,Yes,,,3,47.9
SJC2600710,May 04 2026,76.8,52.8,47.1,91.5,70.7,22,fifteen,IT,2,FALSE,70.5,61.9,4,73.5
SJC2601071,06/05/2026,,72.5,79.1,70.6,84.4,22,7,aml,Second,No,86.6,68.3,4,95.3
SJC2602397,31/05/2026,99.4,49.9,59.4,76.0,48.2,24,twelve,I.T,II,FALSE,74.8,54.7,0,86.4
SJC2602209,2026-05-27,83.0,32.5,37.8,66.2,50.9,20,0,I.T,Second,N,83.9,35.2,0,39.2
SJC2602026,02/05/2026,85.0,42.2,63.1,86.8,70.1,20,9,cyber,III,FALSE,60.3,,3,56.0
SJC2600415,2026-05-12,88.9,38.9,52.6,77.9,70.4,20,  9.2 , Cyber ,II,FALSE,66.4,,1,70.6
SJC2601992,2026-05-30,80.9,60.4,54.2,55.3,69.3,24,  8.5 , Cyber ,2nd,TRUE,72.5,59.5,1,65.9
SJC2601075,May 17 2026,52.7,59.3,28.0,75.1,67.8,18,12,IT,II,False,64.0,65.2,2,55.0
SJC2601088,08/06/2026,87.6,,-1.0,69.6,73.9,21,6.3,csbs,2nd,N,84.6,72.6,2,69.7
SJC2602006,12/05/2026,87.7,,66.2,78.7,57.7,18,9 hrs,ADS,III,FALSE,82.5,,2,49.6
SJC2600474,2026-05-25,72.7,59.6,61.4,71.3,61.4,20,thirteen, ADS ,2nd,Yes,,64.0,1,65.6
SJC2601008,May 31 2026,93.2,56.3,49.8,87.3,65.8,24,8.6,C.S.E,Second,TRUE,69.5,70.2,2,83.1
SJC2600925,08/06/2026,,57.5,61.3,73.1,75.4,20,  8.7 ,C.S.E,2nd,Yes,62.7,47.5,3,48.2
SJC2601723,2026-05-05,75.4,66.2,76.4,72.5,68.6,22,15, IT ,3,Y,79.7,71.5,2,85.1
SJC2601253,07/06/2026,76.0,53.6,68.2,71.0,,18,6 hrs,Cyber,2,True,100.0,72.3,0,77.3
SJC2601188,23/05/2026,,78.8,85.8,9999.0,73.8,21,  9.5 ,cyber,2,N,84.2,61.5,0,79.8
SJC2600921,Jun 02 2026,79.7,48.2,57.5,69.6,46.3,21,14, ADS ,Second,False,83.6,32.2,4,67.3
SJC2601966,May 16 2026,73.4,82.2,80.2,92.5,81.6,18,5,aml,2,1,72.8,82.3,2,87.3
SJC2601514,2026-05-14,61.5,39.8,58.4,71.3,49.8,24,4, Cyber ,II,yes,77.6,43.5,1,38.5
SJC2601884,May 11 2026,71.7,50.5,47.4,84.7,56.7,20,  2.6 ,AML,II,no,76.2,47.2,3,61.5
SJC2601409,2026-05-12,68.0,,51.1,62.5,49.1,21,11, CSBS ,Third,yes,74.8,44.4,4,51.1
SJC2600941,07/06/2026,87.4,56.4,55.1,63.7,80.5,21,10, CSE ,II,Yes,83.7,81.1,1,78.5
SJC2601032,Jun 01 2026,76.4,54.5,50.5,-30.0,54.9,20,5, IT ,Third,Yes,60.9,,0,60.2
SJC2601926,2026-06-02,73.3,61.8,62.2,69.9,69.9,20,11,CSE,Second,FALSE,91.2,66.9,1,87.7
SJC2601598,2026-06-11,65.3,64.7,51.1,66.3,66.1,20,10.0,A.M.L,Second,True,70.5,66.4,4,48.3
SJC2602015,03/06/2026,74.0,56.3,-1.0,73.1,74.2,22,12,I.T,Third,False,62.5,54.7,0,56.6
SJC2600190,2026-05-30,60.9,,34.2,42.3,52.8,20,twelve,Cyber,3rd,No,76.2,38.5,3,38.4
SJC2600079,Jun 07 2026,73.6,52.8,24.4,48.7,37.1,24,8 hrs,aml,II,yes,58.3,37.7,0,15.2
SJC2602265,May 30 2026,,58.8,65.8,88.0,57.6,18,  7.7 ,CSBS,2nd,No,79.2,52.5,3,55.9
SJC2601421,2026-05-23,82.3,49.7,64.5,50.6,,24,10.9,csbs,Third,0,,68.0,4,75.2
SJC2600693,2026-05-19,97.1,51.0,47.9,82.2,71.4,21,9 hrs,I.T,2nd,False,56.8,52.9,4,54.3
SJC2602031,2026-06-02,81.4,58.4,46.7,94.4,64.1,20,  11.2 ,A.M.L,3rd,Yes,79.5,59.6,3,65.3
SJC2600154,26/05/2026,,58.5,47.8,72.0,67.8,18,11.4,cse,2nd,Y,84.7,49.5,4,61.5
SJC2600801,May 18 2026,85.1,57.8,50.5,61.6,74.8,20,9.6,ADS,2nd,Yes,75.9,42.8,4,56.6
SJC2602276,Jun 01 2026,78.8,73.8,54.7,56.8,74.9,24,19 hrs, CSE ,2nd,N,98.2,67.2,1,79.9
SJC2601510,10/06/2026,82.5,73.2,77.5,76.5,,21,  5.6 ,ADS,II,N,68.4,82.3,4,83.6
SJC2601085,2026-06-15,63.5,47.5,-1.0,82.9,54.4,20,  5.1 , CSBS ,Second,0,49.7,43.0,1,45.9
SJC2600156,May 05 2026,68.9,52.6,74.5,67.8,58.1,21,8 hrs,AML,3,0,70.2,58.4,2,46.0
SJC2600296,May 25 2026,83.6,62.7,55.1,65.8,69.9,21,  9.8 , Cyber ,2nd,Y,78.3,62.1,3,69.3
SJC2601688,12/05/2026,82.8,45.8,69.1,76.3,86.0,18,11,CYBER,3,No,69.2,56.2,2,53.8
SJC2600728,Jun 12 2026,67.7,35.5,79.0,69.0,63.2,18,  10.3 ,aml,III,FALSE,80.3,,0,52.7
SJC2602469,13/06/2026,86.3,,72.1,60.5,69.8,21,15,C.S.B.S,2nd,Y,,64.5,1,86.7
SJC2600681,15/06/2026,66.4,53.5,60.3,55.4,72.4,20,  10.9 ,it,II,No,71.4,,4,50.2
SJC2600711,22/05/2026,69.2,62.4,52.7,80.8,59.5,20,4 hrs, CSBS ,II,TRUE,50.4,,4,42.7
SJC2601656,2026-05-04,73.4,57.8,47.5,58.3,60.2,21,15, IT ,2,Y,49.8,46.7,4,73.3
SJC2602481,2026-05-14,90.9,74.3,71.1,74.7,80.4,18,16,A.M.L,III,no,51.3,65.8,2,69.1
SJC2602151,13/05/2026,90.9,,55.4,81.7,60.0,22,eight,C.S.B.S,2nd,no,,47.5,4,68.1
SJC2600233,2026-06-10,84.2,40.6,45.5,77.6,61.6,21,5.1,AML,Second,No,57.0,49.7,0,44.7
SJC2601601,2026-05-02,64.7,55.8,73.3,75.6,79.9,21,10.0, CSE ,II,no,55.5,85.1,2,69.9
SJC2602368,02/06/2026,57.1,64.3,82.6,83.7,,21,  5.4 ,ads,2,True,84.7,66.1,1,65.6
SJC2600354,06/06/2026,83.6,46.9,50.3,60.8,71.2,21,6 hrs, CSE ,Second,False,62.7,51.0,0,52.6
SJC2601753,May 16 2026,81.8,49.7,73.8,75.8,58.0,20,ten, AML ,Second,True,56.8,65.7,3,59.2
SJC2600648,2026-05-14,80.9,46.8,46.6,80.2,71.3,20,6,CSBS,2,yes,75.2,61.3,1,70.7
SJC2600981,May 20 2026,,55.7,65.8,73.2,,22,seven,IT,2,1,68.4,64.1,2,66.5
SJC2602215,Jun 11 2026,82.8,46.0,61.3,55.0,67.9,20,six, ADS ,Second,FALSE,76.7,65.9,2,63.9
SJC2601664,11/05/2026,73.5,76.7,78.0,59.5,93.1,24,  13.1 ,cse,Third,TRUE,81.9,82.3,4,99.8
SJC2601039,25/05/2026,,54.9,55.7,75.0,64.5,22,  5.7 ,aml,Second,TRUE,73.0,60.5,4,56.5
SJC2600546,2026-05-16,96.8,58.6,60.6,72.8,71.0,20,fifteen, AML ,2nd,no,67.2,59.2,3,89.5
SJC2600311,2026-05-27,85.9,58.3,47.5,81.9,70.0,22,four,CYBER,Second,N,73.3,,1,65.0
SJC2600647,May 15 2026,89.9,,60.8,67.9,,18,6.2,IT,Second,FALSE,65.5,44.0,1,62.9
SJC2600344,2026-05-25,73.0,50.7,57.0,79.0,53.8,21,19 hrs,ADS,2,Y,87.0,54.3,1,74.9
SJC2600360,2026-05-29,86.2,69.3,53.9,70.0,71.3,20,12 hrs,Cyber,2nd,FALSE,57.7,52.9,3,72.2
SJC2602270,May 21 2026,95.4,71.9,70.5,70.5,62.4,20,4.7, CSBS ,III,Y,90.7,68.7,1,77.0
SJC2601846,2026-05-07,76.2,,42.1,80.5,61.3,22,9.6,CSBS,Second,Y,66.2,40.0,0,66.4
SJC2600496,14/05/2026,86.7,51.0,50.6,88.6,77.0,20,thirteen,AML,III,N,76.5,57.1,0,74.9
SJC2602036,11/05/2026,100.0,70.2,76.6,71.9,75.5,24,twelve,csbs,II,TRUE,52.1,50.0,1,84.6
SJC2600118,Jun 06 2026,93.7,70.5,60.1,83.1,75.0,22,18.7, Cyber ,Second,FALSE,80.0,68.6,4,98.1
SJC2600614,08/06/2026,78.0,29.3,53.0,89.3,56.6,22,4.6,CSBS,2nd,0,81.8,52.4,3,37.9
SJC2600827,10/05/2026,78.3,50.4,69.2,87.1,75.6,20,3,Cyber,2nd,Y,85.7,68.7,3,62.8
SJC2601219,Jun 06 2026,92.0,58.3,57.7,65.4,59.6,21,eight,CYBER,2,yes,83.5,57.6,2,75.8
SJC2601109,2026-06-04,73.3,45.8,47.7,61.5,63.1,22,11, AML ,2nd,Yes,60.5,43.3,2,66.6
SJC2602058,04/06/2026,81.5,45.7,50.9,57.8,68.0,21,0.2, CSE ,II,1,81.3,64.4,4,42.4
SJC2600106,06/06/2026,52.0,64.4,65.5,74.8,79.3,22,13 hrs,AML,2,No,71.2,54.9,4,59.9
SJC2600050,May 22 2026,71.3,,50.0,74.8,66.4,20,three,CSBS,Second,yes,98.9,66.9,2,70.2
SJC2601776,2026-05-16,100.0,58.4,54.5,59.6,,20,0.8, ADS ,Second,No,74.8,48.4,0,68.9
SJC2602054,19/05/2026,76.6,,63.2,-30.0,58.0,22,  12.3 ,ADS,II,1,50.8,57.6,3,49.5
SJC2602471,2026-06-13,60.9,64.0,72.6,94.7,64.6,21,8.3,it,II,No,90.0,,3,78.5
SJC2602004,14/06/2026,72.8,73.5,75.5,70.0,73.7,22,13 hrs,A.M.L,2nd,yes,52.3,57.1,2,50.8
SJC2600799,May 11 2026,83.9,44.6,32.6,58.2,82.2,21,10, CSE ,2,TRUE,80.6,55.5,0,61.3
SJC2601551,11/06/2026,81.6,48.8,64.6,59.6,50.6,21,12 hrs,C.S.B.S,3,No,73.2,54.9,0,62.9
SJC2600975,05/05/2026,84.0,42.3,50.7,75.1,76.7,20,6,IT,2nd,FALSE,45.6,,3,61.0
SJC2600891,Jun 01 2026,71.0,43.1,64.3,76.1,59.0,18,  7.0 ,C.S.E,2nd,Y,67.0,57.4,3,38.9
SJC2600367,19/05/2026,61.5,57.7,52.9,83.7,74.2,18,12.1,Cyber,2nd,Y,63.0,54.7,0,65.2
SJC2601590,2026-06-10,78.9,65.1,50.5,9999.0,82.8,22,12,I.T,2nd,FALSE,76.7,68.1,2,83.5
SJC2601491,2026-06-01,62.0,,71.6,78.9,98.0,21,11.5,ads,2,No,80.3,79.7,1,90.3
SJC2601077,2026-06-13,67.6,75.5,94.7,9999.0,97.8,20,eleven, ADS ,Second,N,93.0,64.8,3,75.2
SJC2600352,May 15 2026,61.0,70.3,42.7,87.8,70.5,21,9.8,A.D.S,Second,FALSE,68.8,66.3,0,66.9
SJC2600997,May 09 2026,88.7,,64.6,58.3,64.8,21,eight, CSE ,3rd,No,,,0,73.0
SJC2600331,19/05/2026,150.0,56.0,84.0,79.5,70.8,24,  15.8 , AML ,3,FALSE,,63.3,2,84.5
SJC2602025,2026-05-29,150.0,,59.2,71.9,,21,  7.5 ,CSBS,2nd,0,81.4,48.7,4,57.8
SJC2601768,May 28 2026,71.0,45.3,52.7,9999.0,69.2,22,9, CSE ,II,FALSE,66.1,39.3,2,54.8
SJC2601934,2026-06-08,74.5,57.8,64.0,60.6,58.2,20,seven,CYBER,Second,no,63.7,52.2,2,56.8
SJC2601868,2026-05-04,62.6,71.8,58.6,55.3,76.2,20,eleven,CSE,2nd,False,,69.9,0,69.5
SJC2601933,30/05/2026,79.2,65.7,52.2,44.7,53.9,24,  9.7 ,Cyber,Third,Yes,85.0,63.7,2,50.6
SJC2601235,May 20 2026,81.4,60.1,-1.0,72.3,68.5,20,nine, ADS ,Third,False,100.0,,2,66.5
SJC2601245,2026-05-22,64.6,67.2,62.6,63.8,73.6,20,16,A.M.L,II,FALSE,78.6,68.9,4,75.4
SJC2601993,2026-05-08,71.6,,46.6,50.2,44.7,21,7 hrs, AML ,2,FALSE,48.0,60.4,3,37.5
SJC2600676,2026-05-19,63.7,46.9,44.2,76.5,72.2,20,  12.3 ,IT,Second,FALSE,66.9,52.2,2,65.0
SJC2601507,May 25 2026,77.8,37.4,34.4,61.6,,20,nine,AML,2,FALSE,68.4,36.1,2,38.7
SJC2601233,12/06/2026,73.6,,63.4,73.0,78.2,24,7.9, Cyber ,2,No,98.4,70.1,0,66.0
SJC2600562,2026-05-04,84.3,69.2,46.8,70.7,,18,  5.9 ,IT,3,1,81.7,53.0,3,71.2
SJC2600285,08/05/2026,81.2,63.0,68.8,68.2,78.8,22,21,cyber,II,False,90.2,59.5,1,99.4
SJC2600261,2026-05-09,100.0,63.6,63.3,96.9,62.7,22,5 hrs,Cyber,II,no,,51.6,1,68.8
SJC2601779,Jun 04 2026,67.4,52.6,53.5,71.1,,21,8 hrs, IT ,2nd,Y,67.5,41.0,3,42.9
SJC2601392,20/05/2026,,45.4,48.2,70.4,56.7,21,eight,it,Third,Yes,80.6,59.0,2,53.9
SJC2600187,24/05/2026,100.0,65.5,73.0,88.5,85.0,20,10.1,CSE,Second,True,85.1,71.7,4,97.9
SJC2601686,11/05/2026,77.8,48.5,55.0,47.0,61.7,24,10.3,AML,2nd,no,66.3,51.6,3,54.5
SJC2602352,16/05/2026,60.3,36.4,49.7,51.9,43.3,20,8.7,CSBS,2,Yes,79.7,53.9,2,55.9
SJC2602126,2026-06-07,76.3,60.6,36.1,78.0,56.6,22,6.3,it,3rd,True,83.4,55.5,1,32.5
SJC2600051,Jun 14 2026,79.8,15.3,41.0,53.7,45.5,24,2,A.M.L,II,N,65.0,33.9,1,8.9
SJC2602032,06/06/2026,-5.0,61.0,64.1,57.8,66.2,22,11 hrs,IT,Second,False,83.5,60.2,4,91.3
SJC2600766,May 07 2026,91.9,70.0,57.8,61.6,61.1,22,8 hrs, CSBS ,Third,Yes,83.3,65.0,0,55.1
SJC2600574,2026-05-04,79.8,72.8,84.3,75.1,64.2,20,21 hrs,cse,2,Yes,,80.9,4,100.0
SJC2600456,2026-05-06,53.5,55.1,73.9,81.1,73.6,20,13 hrs,it,II,no,67.7,,2,79.7
SJC2602478,29/05/2026,72.3,41.0,40.8,54.7,43.2,20,4.4,cyber,Second,TRUE,52.3,50.9,3,45.6
SJC2601792,May 13 2026,999.0,73.5,63.4,78.8,,20,7.5,aml,Second,N,81.0,51.6,1,56.0
SJC2601536,10/06/2026,79.2,66.0,68.3,47.6,69.1,21,eight,AML,Second,0,,74.8,3,67.3
SJC2600611,May 11 2026,80.8,89.1,85.2,78.1,98.0,21,7, IT ,II,1,87.3,75.2,3,100.0
SJC2601712,08/05/2026,88.6,71.4,73.2,77.0,66.6,18,10,ADS,2nd,No,67.1,63.1,4,79.6
SJC2601923,05/06/2026,81.6,53.2,58.5,63.6,63.9,22,11, ADS ,Second,0,67.7,,1,67.2
SJC2601255,2026-05-11,85.3,38.6,68.1,59.5,71.3,21,10.8, ADS ,2,1,60.1,77.2,4,54.3
SJC2601608,2026-06-03,88.2,73.3,74.6,74.2,,20,16,C.S.B.S,II,yes,85.7,,2,96.8
SJC2600790,2026-05-28,74.8,,63.3,44.4,66.5,22,9,ads,II,N,59.3,50.8,2,40.9
SJC2600520,Jun 03 2026,69.1,57.0,58.3,82.8,69.1,20,7.8,I.T,2,Yes,,61.8,4,61.5
SJC2602361,2026-05-30,68.8,65.4,66.3,78.7,65.1,24,  10.0 ,AML,3,N,71.4,63.2,4,78.0
SJC2600258,02/06/2026,83.8,75.0,57.3,81.2,74.0,24,13,aml,II,0,89.5,87.6,4,80.4
SJC2601351,04/06/2026,80.3,48.8,52.2,76.2,63.6,20,13 hrs, Cyber ,II,FALSE,73.9,64.1,1,84.6
SJC2601205,30/05/2026,81.7,61.8,64.1,80.1,,24,  9.5 ,ADS,3,no,52.0,49.1,0,68.1
SJC2601627,04/06/2026,90.1,41.2,33.4,84.9,49.8,21,  4.4 ,CYBER,3rd,FALSE,100.0,60.4,1,57.5
SJC2601649,2026-05-02,,66.2,64.9,85.4,56.3,21,11.3, ADS ,2,True,71.4,61.2,1,87.6
SJC2601568,Jun 10 2026,91.2,,69.2,84.6,65.9,24,13,CYBER,3rd,No,59.7,65.9,4,86.4
SJC2601369,May 26 2026,71.7,51.3,47.3,69.6,57.2,20,5,A.D.S,2,TRUE,80.6,58.1,1,61.7
SJC2600541,01/06/2026,,77.7,66.9,67.5,97.2,21,3.0, CSBS ,2nd,0,,73.9,3,67.6
SJC2600351,2026-05-12,75.7,68.6,55.2,86.8,68.4,21,10,cyber,Second,Y,54.7,75.1,3,77.4
SJC2600350,04/05/2026,89.7,70.6,54.5,69.8,72.4,21,10 hrs,AML,2,FALSE,90.0,50.0,0,71.8
SJC2601890,16/05/2026,90.1,55.7,61.2,74.4,70.1,20,fourteen, ADS ,Second,False,89.3,49.1,0,71.9
SJC2601804,07/06/2026,82.2,,52.5,70.9,67.5,20,ten,C.S.B.S,III,No,81.1,49.0,0,69.2
SJC2601872,11/05/2026,71.1,,55.4,55.3,64.3,18,9.6,ADS,Third,Yes,59.4,59.0,1,65.3
SJC2600579,04/06/2026,93.1,55.4,71.8,70.2,64.4,20,  4.7 ,C.S.B.S,III,TRUE,76.1,66.3,3,61.9
SJC2602108,Jun 14 2026,96.2,58.2,74.9,85.8,72.0,21,  6.5 ,Cyber,2nd,yes,75.8,63.1,1,56.7
SJC2600972,02/05/2026,95.4,59.3,64.2,-30.0,82.3,21,  12.7 ,Cyber,III,N,77.0,63.4,2,93.0
SJC2601238,May 05 2026,64.8,59.4,46.5,43.3,,22,16, AML ,3,yes,71.2,65.4,2,71.9
SJC2600482,Jun 01 2026,88.7,73.1,59.4,57.6,68.4,20,  3.0 , IT ,2nd,True,63.0,60.7,4,55.1
SJC2601004,10/06/2026,-5.0,56.2,58.3,83.8,63.0,18,11.0, ADS ,2nd,0,61.3,53.7,0,64.8
SJC2602360,22/05/2026,53.6,55.1,62.1,61.4,80.6,20,10 hrs,I.T,Second,no,67.4,62.0,1,65.7
SJC2601454,2026-05-04,,,85.6,61.0,89.4,21,16,cyber,Third,0,72.1,89.2,1,100.0
SJC2602065,2026-05-03,88.6,54.0,45.0,53.1,66.7,20,11.9, CSBS ,III,Y,80.0,,3,67.2
SJC2602250,2026-05-20,67.8,75.0,72.1,70.6,67.0,21,four, AML ,Second,0,62.9,75.7,2,55.5
SJC2600752,May 13 2026,999.0,57.7,76.5,37.5,71.1,24,10,CSBS,2,1,75.3,75.7,3,55.8
SJC2600288,May 26 2026,58.0,58.4,-1.0,74.4,56.6,21,9.3, ADS ,2,True,67.9,61.2,3,63.9
SJC2600866,May 11 2026,66.2,60.0,999.0,89.0,74.1,20,  9.9 , AML ,3rd,no,82.0,40.2,3,76.3
SJC2600820,2026-05-15,74.6,,67.5,89.1,70.5,20,ten, IT ,Third,yes,,55.9,4,72.9
SJC2601855,May 29 2026,88.8,50.0,54.1,78.1,46.4,20,ten,cyber,2,1,95.4,63.5,1,74.9
SJC2601464,Jun 01 2026,79.8,51.5,47.7,100.0,,22,14.6,ADS,3rd,True,,50.1,2,76.4
SJC2602096,08/05/2026,64.4,38.8,48.9,85.9,71.2,20,  6.1 ,it,2,0,70.7,65.6,4,41.9
SJC2602343,2026-05-22,71.0,,61.8,71.2,53.5,24,10,A.D.S,3rd,Y,51.9,62.9,0,61.2
SJC2600355,May 08 2026,65.2,62.1,49.9,91.7,,20,eleven,IT,II,Yes,80.3,,1,66.0
SJC2600680,28/05/2026,-5.0,40.4,50.6,81.7,70.0,22,16 hrs,A.D.S,3rd,FALSE,76.3,,2,65.6
SJC2601291,2026-05-28,94.5,72.2,76.1,53.7,78.8,21,13 hrs, ADS ,II,yes,97.0,,4,82.0
SJC2600208,May 03 2026,84.0,50.2,65.4,81.8,70.0,22,7 hrs,cyber,Third,Yes,89.0,62.4,0,72.6
SJC2601213,2026-05-07,,63.2,48.0,70.7,73.0,18,7,CYBER,Third,Y,100.0,79.2,0,75.3
SJC2602461,16/05/2026,71.9,42.3,28.5,79.9,49.3,20,12.9,C.S.E,Second,N,85.6,26.1,2,60.8
SJC2601189,Jun 11 2026,67.3,57.3,60.2,54.1,72.9,20,six,I.T,Second,0,80.3,50.8,2,58.5
SJC2600642,15/05/2026,70.4,58.7,50.0,48.1,71.2,21,10 hrs,ADS,Second,True,61.7,48.3,4,56.3
SJC2600486,2026-05-05,77.8,,58.0,73.1,59.1,20,7,aml,2nd,TRUE,76.1,55.8,2,47.8
SJC2600593,May 04 2026,,47.5,64.9,69.2,73.1,21,twelve,AML,3rd,yes,59.6,65.3,0,63.7
SJC2601128,2026-06-14,72.3,59.6,57.9,71.8,50.8,24,8 hrs,A.D.S,Third,False,68.4,,4,68.4
SJC2600923,May 16 2026,86.2,55.7,49.9,88.7,59.0,21,  3.6 , IT ,2nd,N,81.0,56.7,2,73.8
SJC2602456,2026-05-03,,67.1,82.1,83.5,81.4,22,7,I.T,2nd,no,76.6,78.1,1,78.8
SJC2601394,2026-06-13,56.0,52.6,48.0,63.6,65.8,21,14 hrs,ADS,2nd,1,56.8,,3,44.2
SJC2602223,21/05/2026,,27.2,38.9,74.3,36.2,18,nine,A.D.S,Second,N,76.4,,1,42.0
SJC2601809,May 19 2026,78.6,74.5,67.7,55.9,66.4,20,4.7,C.S.B.S,II,no,52.6,64.8,0,61.1
SJC2601901,12/06/2026,100.0,75.2,60.8,68.4,62.1,20,13 hrs,A.D.S,II,Y,70.0,84.3,4,73.8
SJC2601167,Jun 03 2026,,41.3,56.9,57.9,58.3,22,8, IT ,2,False,100.0,53.2,0,64.0
SJC2601270,2026-06-10,96.9,62.2,79.4,65.1,,22,14, AML ,Second,TRUE,65.6,66.2,2,76.9
SJC2602305,2026-06-09,,,72.3,67.0,96.8,22,8,ADS,2,Yes,94.3,73.3,3,85.8
SJC2601642,2026-05-16,79.4,51.1,62.4,51.5,52.0,18,  15.1 , AML ,II,FALSE,94.8,54.3,3,65.6
SJC2600173,May 28 2026,87.7,63.9,42.7,9999.0,83.9,21,8.7,CYBER,Second,1,61.5,41.4,1,58.7
SJC2601064,13/06/2026,100.0,65.4,65.4,81.6,53.2,22,13.0, CSE ,III,Y,63.6,64.8,2,70.8
SJC2601217,11/05/2026,82.2,,48.6,83.7,70.7,22,11.0, CSE ,2nd,False,,43.1,0,68.4
SJC2601625,2026-06-07,74.1,73.9,87.8,59.7,84.4,20,eight, Cyber ,Second,FALSE,79.2,66.7,1,71.7
SJC2600491,May 26 2026,85.5,68.2,63.2,-30.0,67.7,22,4.1,CSBS,2nd,1,60.0,68.9,3,73.9
SJC2601702,11/05/2026,,64.1,53.5,71.3,60.7,21,16,A.D.S,Second,FALSE,75.2,53.3,2,58.5
SJC2600595,07/06/2026,86.5,66.7,78.0,-30.0,73.9,21,9 hrs,cyber,II,no,70.1,86.7,0,81.2
SJC2601973,2026-05-07,80.0,43.4,52.7,74.5,73.9,20,nine, CSE ,Second,True,75.4,48.6,0,72.3
SJC2602467,2026-05-19,98.6,57.3,-1.0,68.9,,21,6.7,C.S.B.S,2nd,1,71.6,80.2,3,86.3
SJC2602382,05/06/2026,61.0,39.5,59.0,64.6,58.4,21,  14.4 ,IT,2nd,0,73.4,58.0,2,55.5
SJC2602312,May 21 2026,999.0,60.1,63.1,71.5,68.5,21,8.4,CSE,Second,yes,57.5,52.8,4,62.7
SJC2601303,08/05/2026,67.7,51.2,48.1,82.8,,20,  7.8 ,IT,III,FALSE,72.0,44.7,2,54.7
SJC2600658,2026-05-10,85.3,58.3,49.8,78.3,61.7,21,7,A.D.S,II,N,77.8,,0,84.8
SJC2601871,2026-05-19,85.8,63.9,62.5,75.5,73.4,20,11 hrs, IT ,2nd,No,75.5,64.5,2,71.9
SJC2600036,05/05/2026,76.3,70.8,62.1,82.5,70.1,22,11,CSE,II,0,94.8,69.8,3,90.8
SJC2600199,12/05/2026,80.9,49.8,54.6,59.7,88.2,22,9, ADS ,II,FALSE,100.0,67.6,0,77.2
SJC2602125,09/06/2026,72.9,40.6,53.5,71.1,,20,13,CSBS,2,No,72.3,45.4,2,63.4
SJC2601057,May 06 2026,74.1,51.0,43.7,77.2,65.3,21,4.1,it,III,Y,63.6,,2,56.6
SJC2600802,2026-06-04,66.3,71.7,77.8,60.7,75.0,20,six,cse,2nd,FALSE,71.5,65.5,2,63.7
SJC2601215,Jun 09 2026,99.0,68.9,65.7,95.1,75.6,21,  12.0 , Cyber ,2nd,False,95.7,78.9,4,100.0
SJC2600042,2026-05-29,76.3,50.0,60.3,78.8,74.3,20,15,ADS,II,N,71.3,,1,75.6
SJC2600983,2026-05-16,75.7,71.6,72.1,77.5,69.1,24,10 hrs,IT,III,1,62.8,,1,72.6
SJC2601980,14/05/2026,-5.0,53.3,51.8,87.0,66.9,21,15, CSBS ,3,True,,60.7,0,83.3
SJC2602446,07/06/2026,89.8,,53.6,52.3,73.1,20,  9.3 ,CYBER,Second,0,86.6,65.9,0,65.7
SJC2601232,2026-05-06,89.0,53.0,999.0,72.5,59.9,24,ten,csbs,III,True,58.2,48.0,4,59.3
SJC2601848,04/05/2026,100.0,57.4,50.7,60.1,81.9,21,10,CSBS,III,True,78.5,44.9,3,52.9
SJC2601274,May 10 2026,79.3,88.8,85.6,61.1,81.5,22,thirteen,cyber,II,TRUE,78.4,71.9,1,84.6
SJC2602206,26/05/2026,999.0,72.0,69.8,88.2,85.2,21,9.7,I.T,3rd,1,86.3,78.2,2,94.6
SJC2601083,2026-06-04,81.7,56.1,47.9,86.7,64.5,24,8 hrs,I.T,2nd,Yes,,58.8,2,72.9
SJC2600242,May 07 2026,90.4,53.3,41.3,77.6,61.7,18,  10.1 ,aml,Second,Y,79.4,59.2,3,85.2
SJC2601605,Jun 11 2026,,43.8,50.5,72.7,45.6,20,3 hrs,AML,2,1,,33.8,1,54.9
SJC2601539,May 29 2026,72.7,67.4,65.8,65.2,53.0,21,12,aml,3rd,1,65.2,56.5,4,73.8
SJC2601887,18/05/2026,61.0,87.3,65.7,9999.0,96.5,21,  8.5 ,it,3rd,True,62.6,77.0,2,75.3
SJC2602081,05/05/2026,72.9,76.9,41.1,86.0,68.6,21,nine,I.T,Second,1,84.9,64.9,0,68.9
SJC2601972,2026-06-13,82.0,43.0,46.9,71.0,44.1,21,8,A.M.L,2,N,80.1,52.2,2,65.8
SJC2602348,2026-05-13,64.2,30.1,40.5,76.9,56.5,20,  15.0 ,it,Second,yes,60.9,46.4,4,54.0
SJC2600859,03/06/2026,78.4,57.4,83.4,73.3,67.1,24,11,csbs,Third,1,78.0,59.4,2,80.3
SJC2600635,09/06/2026,,45.1,56.1,69.7,65.7,18,10 hrs, AML ,2,No,64.3,39.5,1,41.9
SJC2601571,May 30 2026,78.9,69.3,80.4,94.9,,21,  10.4 , Cyber ,II,Y,77.7,65.2,0,79.6
SJC2601798,May 31 2026,,,56.7,57.6,65.9,22,5,cse,III,True,87.9,45.2,2,55.6
SJC2602447,May 03 2026,59.6,66.2,75.2,9999.0,73.6,24,16,CSBS,Second,Yes,55.9,65.1,4,74.7
SJC2600211,2026-06-09,100.0,82.5,77.6,68.1,84.9,20,ten,csbs,2nd,False,78.9,77.9,3,92.6
SJC2601200,2026-05-16,67.9,39.2,48.1,54.6,59.2,20,14.6,aml,2,No,58.7,45.5,2,59.2
SJC2601199,09/06/2026,98.5,86.1,69.2,86.9,79.9,22,9 hrs,AML,2,FALSE,79.6,80.7,2,77.8
SJC2601334,25/05/2026,77.7,63.6,52.8,89.1,60.6,22,3.2,A.D.S,2nd,True,59.3,60.5,4,65.2
SJC2601065,Jun 03 2026,80.0,71.1,55.8,53.5,66.2,20,2.2, Cyber ,Second,True,,60.6,2,51.4
SJC2602236,11/05/2026,74.4,73.0,68.7,69.4,,20,  11.5 ,C.S.E,Third,No,83.4,62.9,4,88.5
SJC2601617,May 28 2026,74.4,,50.3,58.8,43.0,21,4 hrs,cse,Second,Y,60.0,35.2,0,33.7
SJC2601342,04/06/2026,90.1,39.2,44.9,78.3,,21,four,cse,II,FALSE,95.9,38.1,4,32.7
SJC2601354,2026-05-07,93.1,,40.9,84.7,64.6,20,11 hrs,CSE,2nd,N,,36.7,2,55.6
SJC2600111,May 11 2026,73.6,51.0,54.3,74.5,81.2,22,fourteen,aml,Second,Y,71.2,53.2,4,66.9
SJC2601207,2026-06-06,95.4,74.9,53.4,64.9,57.3,18,7 hrs,CSBS,II,TRUE,85.5,57.3,1,63.0
SJC2602009,May 04 2026,,69.5,57.3,74.0,63.6,22,9.0, CSBS ,2nd,False,64.8,58.8,2,73.0
SJC2601337,May 02 2026,79.0,87.0,73.1,51.7,,20,17,AML,3,FALSE,77.6,83.2,2,100.0
SJC2600705,2026-05-06,75.3,73.5,84.2,84.4,69.8,24,11.0,A.M.L,Second,Yes,,62.2,3,85.4
SJC2600484,06/05/2026,80.1,57.8,62.1,87.3,74.6,20,12.2,I.T,II,Yes,69.4,55.7,0,79.2
SJC2600212,19/05/2026,89.5,66.5,75.6,70.7,65.5,22,2.0, ADS ,II,TRUE,75.4,78.5,3,84.3
SJC2600153,May 19 2026,86.9,75.2,83.9,73.8,,20,7 hrs,csbs,3rd,False,81.5,68.0,2,72.8
SJC2601073,May 14 2026,,44.2,42.8,100.0,62.4,22,11 hrs,A.D.S,2nd,True,70.5,41.1,0,83.1
SJC2602465,Jun 05 2026,80.7,52.5,43.5,76.5,72.9,21,14 hrs,Cyber,2,yes,63.2,53.1,3,74.9
SJC2600166,May 29 2026,,52.6,63.9,80.8,65.0,22,  12.4 ,cse,2,TRUE,86.4,62.2,2,74.1
SJC2601135,2026-06-02,61.8,53.8,56.0,82.4,73.2,21,10.4,ads,2,0,71.9,51.1,3,65.4
SJC2600102,2026-05-20,71.1,48.9,49.5,71.2,70.6,20,8 hrs,C.S.E,II,False,96.3,63.7,2,76.9
SJC2602281,2026-05-17,66.1,48.5,55.1,80.4,59.1,24,ten,aml,II,N,81.4,51.0,4,61.8
SJC2600575,May 30 2026,82.8,58.8,70.8,74.5,71.3,22,7.3, AML ,2,No,66.0,50.1,3,55.6
SJC2602245,Jun 09 2026,99.8,75.3,71.6,92.8,75.7,21,8,aml,Second,no,68.8,87.6,4,85.3
SJC2601114,Jun 02 2026,77.1,49.4,37.6,73.8,51.9,21,10.4, CSE ,Second,yes,61.9,46.6,2,51.7
SJC2601508,04/05/2026,86.0,68.8,47.1,66.0,88.8,22,9 hrs,I.T,III,True,,65.1,0,68.4
SJC2601956,22/05/2026,90.4,61.8,50.9,82.8,56.5,22,9 hrs,cse,2,0,89.6,66.4,2,70.2
SJC2600195,2026-05-26,56.7,58.5,61.2,74.3,81.7,20,nine, CSBS ,2,TRUE,67.6,48.7,3,58.2
SJC2600526,02/05/2026,74.3,71.3,70.5,9999.0,,22,8.8,cyber,II,1,,59.1,2,74.1
SJC2602412,2026-05-08,91.6,66.4,72.9,73.0,,20,8,CYBER,Second,Y,74.3,,0,70.4
SJC2601176,2026-06-04,87.9,52.5,61.4,90.9,,22,10, CSE ,3rd,True,63.3,44.9,1,64.9
SJC2601282,May 09 2026,68.1,58.4,42.2,85.3,66.6,21,twelve,CSBS,II,Y,74.7,55.3,0,60.5
SJC2602216,2026-05-04,87.2,65.0,61.0,-30.0,81.8,22,  18.5 ,cyber,II,yes,89.4,,0,78.1
SJC2600539,12/05/2026,83.9,68.1,76.7,64.2,69.9,22,  12.6 ,cse,Second,No,78.7,59.6,3,74.7
SJC2601009,02/05/2026,90.0,44.8,62.9,100.0,72.0,21,  8.3 ,ADS,Second,yes,69.5,71.4,3,69.0
SJC2601670,11/06/2026,85.3,55.6,69.2,57.0,67.0,21,thirteen,CYBER,III,No,67.6,52.3,3,70.3
SJC2601323,May 27 2026,100.0,44.7,44.2,82.6,57.7,22,5 hrs,CSBS,II,Y,86.2,53.4,2,72.8
SJC2600413,2026-05-28,,72.1,78.3,73.1,73.8,22,thirteen,ADS,Third,yes,98.9,51.2,3,98.2
SJC2601428,Jun 05 2026,76.0,74.8,61.6,81.3,84.8,21,8,aml,III,N,77.9,65.7,2,72.1
SJC2600432,May 19 2026,79.3,75.0,82.8,78.6,72.2,24,twelve,cyber,Second,False,84.4,70.7,2,90.2
SJC2601281,May 22 2026,,75.5,76.4,87.7,76.3,21,7.1,ADS,Second,Yes,66.2,58.7,0,74.0
SJC2601777,03/06/2026,95.5,39.7,44.8,96.8,51.1,20,4 hrs,IT,2,False,67.7,56.3,2,68.9
SJC2602339,May 28 2026,70.2,55.4,49.0,81.0,,21,13 hrs,AML,3rd,True,81.0,54.4,0,80.2
SJC2600338,Jun 12 2026,,55.0,74.6,88.2,83.5,21,12 hrs,CYBER,III,No,66.1,48.2,4,79.7
SJC2602400,11/06/2026,98.3,63.0,56.8,68.4,62.1,18,4 hrs,ADS,Third,FALSE,72.4,,3,59.9
SJC2601405,May 14 2026,75.2,70.9,63.5,71.5,59.2,20,7 hrs, AML ,II,TRUE,,68.2,1,79.3
SJC2601162,May 29 2026,72.8,51.7,75.6,84.8,65.9,18,  6.1 ,csbs,II,0,90.4,61.4,3,67.4
SJC2601653,May 05 2026,85.9,72.9,64.3,81.1,,18,7,ads,2,False,66.7,72.9,4,82.8
SJC2602195,Jun 12 2026,83.2,65.0,46.4,72.0,76.8,18,16,AML,II,no,51.3,,0,60.7
SJC2601828,2026-05-26,,64.2,53.1,78.6,81.1,24,17,cse,2,no,55.3,,2,69.5
SJC2600157,15/06/2026,81.6,,81.6,69.4,72.2,22,5 hrs,ads,Second,no,72.2,78.8,0,60.9
SJC2602191,13/06/2026,79.5,54.9,84.5,64.9,62.9,22,8 hrs,C.S.B.S,3,no,66.7,46.7,0,50.4
SJC2600610,02/05/2026,88.1,40.3,51.8,70.5,65.8,21,7 hrs,ads,II,Yes,100.0,46.2,1,65.0
SJC2602381,May 29 2026,65.3,,62.4,55.8,71.5,22,  9.6 ,A.D.S,Second,TRUE,79.6,,4,67.3
SJC2602359,16/05/2026,74.9,50.9,46.6,80.9,,24,seven,C.S.E,2nd,0,92.4,24.2,0,56.1
SJC2600438,2026-06-14,88.2,53.0,54.6,90.0,61.1,22,  8.0 ,CSBS,Second,True,78.8,53.9,3,86.3
SJC2600855,May 22 2026,999.0,53.2,64.0,50.1,76.1,22,twelve, CSE ,2nd,0,59.1,73.4,3,52.8
SJC2602125,09/06/2026,72.9,40.6,53.5,71.1,,20,13,CSBS,2,No,72.3,45.4,2,63.4
SJC2600263,Jun 07 2026,,58.5,62.9,74.7,60.4,18,13,cse,III,0,95.4,60.0,0,90.1
SJC2601319,May 09 2026,66.0,60.8,59.5,-30.0,64.7,20,6,IT,2,No,68.6,57.7,2,64.9
SJC2601289,13/05/2026,90.3,58.1,66.7,73.5,,20,  16.9 ,C.S.B.S,2,Y,53.0,59.2,2,88.8
SJC2600742,12/05/2026,99.9,50.0,45.7,70.7,80.7,20,  9.8 , Cyber ,2,no,98.0,48.5,4,71.4
SJC2601461,21/05/2026,95.6,72.6,78.4,63.3,83.4,20,5.1,C.S.B.S,2nd,No,99.9,79.3,4,81.7
SJC2600662,15/05/2026,81.0,65.7,50.3,72.2,55.9,20,5,I.T,2,False,83.4,49.5,2,61.0
SJC2600646,2026-05-03,80.4,71.4,71.6,65.5,95.4,18,11.3,cse,II,False,71.0,76.3,4,83.8
SJC2601622,2026-06-06,85.2,61.0,64.8,64.6,70.1,20,nine, ADS ,II,yes,79.0,57.2,2,69.6
SJC2602244,May 19 2026,98.9,48.3,60.2,60.0,52.5,22,11.7,CYBER,2nd,True,98.5,55.9,4,70.0
SJC2601932,May 15 2026,80.1,46.4,47.3,79.9,71.6,22,12 hrs, CSE ,II,N,84.1,70.0,3,68.0
SJC2600071,18/05/2026,74.6,62.4,66.2,9999.0,,20,nine,A.M.L,III,N,77.6,84.5,3,77.3
SJC2600179,Jun 03 2026,,48.6,57.4,75.5,62.3,22,  4.1 , ADS ,II,N,67.2,60.6,1,53.4
SJC2602278,2026-05-22,82.7,46.5,52.2,84.0,62.0,22,9.8,C.S.B.S,II,yes,77.6,38.7,0,89.0
SJC2601940,2026-06-12,77.5,,64.4,-30.0,70.2,21,4,it,Second,No,67.2,80.4,1,60.6
SJC2601159,2026-05-20,75.3,70.9,65.1,68.3,85.6,20,10, IT ,Second,no,100.0,66.7,1,91.7
SJC2601096,Jun 14 2026,67.1,,49.0,65.0,55.7,20,6 hrs,C.S.E,Second,Yes,50.0,48.0,1,26.2
SJC2600444,2026-06-06,92.9,,39.6,79.6,46.1,22,12,I.T,2nd,True,88.1,38.3,1,73.0
SJC2600239,2026-05-30,71.2,58.7,75.8,82.9,76.8,24,nine, ADS ,II,No,72.9,86.3,1,80.1
SJC2602479,2026-06-07,58.9,65.6,84.9,56.6,,22,8,aml,Second,Y,77.9,52.2,1,53.3
SJC2601013,08/05/2026,73.4,59.2,51.4,81.0,56.0,20,  5.8 , Cyber ,2nd,1,,36.6,4,57.9
SJC2601709,May 22 2026,83.2,57.5,35.5,53.8,64.7,20,7 hrs,CYBER,Second,1,56.5,63.2,0,49.0
SJC2601717,2026-06-12,95.1,42.7,56.3,77.8,53.1,20,8 hrs,csbs,3rd,True,73.1,51.4,1,55.7
SJC2600622,02/06/2026,63.4,68.1,73.0,76.5,61.1,22,eight,C.S.E,II,N,62.4,70.3,3,62.7
SJC2602093,26/05/2026,73.6,47.4,38.1,56.7,61.5,20,nine,aml,Second,TRUE,57.8,32.1,0,38.2
SJC2601886,May 13 2026,83.0,50.8,38.8,9999.0,47.5,22,13 hrs,CSBS,Second,Yes,75.2,56.5,1,61.4
SJC2600605,30/05/2026,999.0,92.0,64.4,47.9,83.7,21,9.2,CYBER,3,FALSE,56.7,69.1,0,42.6
SJC2600417,May 04 2026,70.5,83.3,59.3,86.5,75.7,21,  6.9 ,I.T,3rd,Y,67.6,69.7,4,76.0
SJC2602332,03/05/2026,96.4,91.7,75.9,100.0,82.9,18,17 hrs,cyber,Second,FALSE,100.0,57.2,3,100.0
SJC2602463,2026-06-01,100.0,61.4,54.7,98.2,71.7,21,  11.5 ,cyber,2nd,False,71.8,62.1,3,91.2
SJC2601701,May 19 2026,76.0,71.6,65.0,57.7,69.8,20,7.6,CSE,Second,False,61.0,74.7,3,77.8
SJC2600250,08/05/2026,55.9,54.2,62.3,89.5,60.8,22,ten,IT,2nd,FALSE,75.3,64.5,2,58.3
SJC2602049,31/05/2026,70.5,89.8,-1.0,69.7,96.5,18,15,C.S.B.S,II,True,,97.8,3,100.0
SJC2601016,Jun 03 2026,72.0,54.0,65.7,69.4,57.2,22,  6.4 ,CSE,2nd,Yes,60.7,60.2,4,56.3
SJC2601616,May 18 2026,97.9,58.3,56.2,87.0,63.5,21,fifteen, IT ,2,N,59.4,63.4,2,67.2
SJC2601101,2026-05-13,79.5,61.9,74.2,57.2,68.3,20,nine,C.S.B.S,2,no,92.1,61.3,0,69.8
SJC2601284,10/05/2026,82.9,54.7,71.0,63.1,66.6,22,  16.3 , CSBS ,II,no,79.6,61.9,0,81.1
SJC2601751,2026-05-12,63.8,86.2,65.8,58.5,71.7,21,10,A.M.L,3,No,45.2,71.0,2,62.0
SJC2600416,2026-05-04,75.2,76.3,64.4,74.6,63.9,21,17, CSE ,2nd,False,61.3,,3,71.3
SJC2602484,Jun 08 2026,78.3,61.0,56.1,70.3,67.1,21,3.7,CSBS,II,No,87.4,,1,61.0
SJC2601165,May 14 2026,97.7,44.2,64.9,74.1,82.7,21,16,aml,Second,1,60.4,46.7,1,83.8
SJC2600207,21/05/2026,98.6,52.9,74.7,74.8,61.3,22,eight, CSE ,II,yes,72.8,45.7,3,51.5
SJC2601535,May 19 2026,71.5,56.6,46.4,79.4,84.0,22,eleven,it,3rd,1,64.4,66.0,1,72.1
SJC2602444,Jun 04 2026,63.5,76.2,65.7,70.8,77.7,22,14, Cyber ,2,yes,75.9,60.1,3,70.1
SJC2601307,2026-06-01,,62.7,74.8,75.6,63.3,24,  5.6 ,csbs,2,False,78.9,59.6,3,79.0
SJC2601561,30/05/2026,85.6,63.9,57.3,67.6,66.2,20,  6.7 ,IT,Second,True,,77.3,2,69.8
SJC2602205,May 08 2026,74.1,61.6,60.2,64.2,62.1,20,7.5,C.S.B.S,2nd,True,61.1,,0,55.2
SJC2602439,08/05/2026,75.5,66.1,86.1,-30.0,,20,10.5,ADS,2nd,N,75.4,71.3,4,71.1
SJC2601819,May 30 2026,100.0,46.3,61.1,100.0,66.6,20,fifteen,ads,2nd,no,82.4,47.2,2,77.5
SJC2600386,2026-06-08,81.2,64.8,58.6,88.2,72.4,24,8.3,csbs,Second,No,79.4,42.6,3,62.0
SJC2600492,29/05/2026,84.7,64.6,61.0,52.3,93.9,24,  11.6 , ADS ,2nd,no,63.9,64.2,1,76.5
SJC2601655,May 07 2026,82.1,73.7,86.2,67.9,83.1,18,13.1,AML,II,0,81.0,91.0,1,100.0
SJC2601426,May 21 2026,100.0,70.3,75.0,90.3,84.8,20,  2.7 ,ADS,2,yes,,73.3,0,89.4
SJC2601210,May 31 2026,57.2,61.9,64.3,81.7,70.4,24,14 hrs,ADS,III,No,,67.2,0,80.8
SJC2601875,2026-06-03,92.7,66.2,66.0,63.6,77.8,21,0.6, CSE ,3rd,Yes,61.1,,2,71.9
SJC2602147,May 09 2026,74.1,55.2,55.8,89.8,63.7,24,15.6,CSE,2nd,False,91.0,57.6,2,92.5
SJC2601317,11/06/2026,70.3,77.0,83.4,62.5,98.0,18,  8.4 ,CSBS,3rd,TRUE,78.5,,1,86.4
SJC2600292,2026-05-19,64.1,,62.1,56.8,,22,fourteen,C.S.E,Second,N,84.1,76.5,1,81.3
SJC2601033,Jun 14 2026,73.5,69.5,63.7,71.7,78.4,21,9, ADS ,II,True,66.6,61.0,1,67.9
SJC2601965,2026-05-22,63.5,67.9,84.6,66.5,82.2,21,16.1,ads,2nd,False,56.8,78.9,4,86.9
SJC2601856,May 16 2026,73.3,69.8,71.3,71.0,78.7,22,ten,A.D.S,2,Yes,69.4,87.3,1,83.9
SJC2601488,2026-06-15,82.4,76.2,74.6,75.5,70.0,24,17.5,Cyber,2nd,FALSE,78.4,90.1,1,100.0
SJC2601807,11/05/2026,59.8,46.9,42.7,48.2,47.8,24,7,A.D.S,Third,True,73.0,43.1,0,44.9
SJC2601251,2026-05-15,73.0,53.7,-1.0,69.6,67.5,24,10 hrs,ADS,2nd,0,67.0,66.9,3,81.1
SJC2601138,09/05/2026,71.0,68.7,78.6,82.0,69.5,21,5.8,it,3rd,No,38.1,,0,65.6
SJC2601800,2026-05-09,75.7,44.9,65.9,57.3,71.5,18,  13.6 ,CYBER,II,No,80.9,59.9,4,59.2
SJC2601722,04/05/2026,65.8,66.7,52.4,87.0,68.2,20,8 hrs,AML,II,FALSE,81.8,51.2,1,61.5
SJC2600025,2026-05-14,78.3,83.5,52.1,100.0,78.2,24,  10.7 ,C.S.B.S,Second,FALSE,66.8,78.9,3,71.9
SJC2601576,28/05/2026,,48.5,45.9,62.1,67.5,22,8, IT ,3,0,68.3,46.0,4,48.6
SJC2600043,May 24 2026,84.1,77.5,55.5,85.0,95.3,22,12,ADS,III,yes,77.8,62.6,2,73.0
SJC2601261,2026-05-07,69.2,60.8,66.8,85.3,66.3,24,7 hrs,it,II,No,,47.1,2,69.3
SJC2601784,15/06/2026,83.1,41.0,-1.0,55.3,56.3,20,10,CYBER,2,Yes,66.8,58.6,0,39.2
SJC2600989,2026-06-08,68.0,67.0,67.2,55.7,82.6,24,  11.0 , AML ,II,Yes,49.8,76.7,1,73.2
SJC2600549,22/05/2026,87.2,65.3,64.9,76.2,58.8,21,10,C.S.B.S,III,Yes,89.6,73.3,4,83.9
SJC2600219,2026-05-05,74.5,,54.5,49.9,41.4,20,  14.6 ,A.D.S,2,0,56.5,55.3,4,70.3
SJC2601683,May 27 2026,81.3,54.8,52.4,77.5,62.1,21,eight,C.S.E,2,False,92.2,,4,69.4
SJC2601222,2026-05-29,66.9,54.9,55.1,87.5,66.5,18,14 hrs,AML,2,no,56.8,36.1,3,53.5
SJC2602388,May 08 2026,100.0,51.2,71.2,77.7,67.4,21,11 hrs,C.S.B.S,2nd,no,80.6,63.5,2,76.7
SJC2600937,2026-05-08,88.0,59.1,60.9,76.2,71.0,21,8 hrs,CYBER,II,TRUE,97.0,,4,60.0
SJC2601197,Jun 04 2026,70.4,58.0,76.1,59.3,82.3,20,3 hrs, CSE ,II,Y,72.6,72.2,4,55.6
SJC2600585,May 28 2026,69.6,44.0,56.9,53.7,69.3,21,9, Cyber ,3rd,FALSE,56.2,54.3,0,42.2
SJC2600044,May 11 2026,74.9,62.9,46.3,59.1,73.3,21,7, CSBS ,III,1,79.8,64.6,2,57.2
SJC2601899,31/05/2026,59.8,75.9,76.7,60.8,80.7,21,16,csbs,2,N,66.2,62.8,2,67.8
SJC2602041,27/05/2026,69.5,71.2,65.4,65.1,85.7,22,10 hrs,cse,2nd,Y,68.9,77.2,2,77.6
SJC2602375,2026-06-03,98.5,47.6,49.3,90.9,60.1,22,five,CSBS,3,FALSE,67.4,,1,65.6
SJC2600164,2026-06-15,,74.8,72.0,77.8,73.0,21,13.8,ADS,II,TRUE,78.6,66.1,1,90.4
SJC2601051,09/06/2026,97.5,,73.2,96.2,61.9,22,10,C.S.B.S,II,Yes,68.6,,4,64.1
SJC2600161,2026-05-11,82.6,54.3,54.6,75.0,79.1,21,10.4,aml,2nd,No,73.8,73.6,2,69.6
SJC2601086,2026-06-13,77.2,,58.9,64.7,71.4,21,5, Cyber ,2nd,yes,73.4,62.6,1,68.2
SJC2600757,2026-05-30,82.1,51.4,58.6,90.5,,21,10.0,aml,3rd,yes,65.5,64.0,2,73.0
SJC2602127,07/05/2026,,69.5,50.4,57.7,48.1,20,6 hrs, CSE ,Second,False,78.6,53.4,1,51.7
SJC2601363,05/06/2026,78.1,77.6,58.2,80.0,,20,twelve,C.S.B.S,2,False,75.1,,1,81.1
SJC2602091,2026-05-14,70.3,47.9,70.1,73.0,68.1,18,5.1,CSE,3,False,62.6,64.2,2,48.5
SJC2600073,May 17 2026,87.5,21.4,37.0,63.1,,20,10 hrs,A.D.S,III,Y,82.9,41.6,0,37.3
SJC2600521,May 19 2026,84.9,38.1,51.8,79.8,69.5,24,9.1, CSE ,Second,no,,39.0,3,48.7
SJC2601546,23/05/2026,83.1,69.2,66.1,97.4,50.1,22,11, AML ,II,Yes,77.1,55.3,1,84.5
SJC2600293,05/06/2026,,,40.2,83.0,61.4,21,10,it,2nd,No,83.0,37.4,1,47.4
SJC2601962,2026-05-13,78.4,45.4,68.4,70.8,57.8,22,  6.8 ,cse,Second,Y,89.4,57.1,2,56.4
SJC2601519,Jun 10 2026,51.9,75.7,66.1,77.5,82.0,21,9.6, IT ,2nd,No,40.4,49.9,0,51.3
SJC2600450,10/05/2026,75.4,40.8,51.4,88.4,52.9,22,2 hrs,CSE,Third,Y,90.8,49.2,0,45.7
SJC2600203,20/05/2026,53.0,57.3,44.9,63.3,62.1,22,  10.3 ,AML,2nd,False,88.4,46.7,0,45.6
SJC2601104,2026-05-26,71.3,75.0,80.0,69.6,80.9,22,12,aml,2nd,TRUE,84.4,63.6,0,88.6
SJC2601778,2026-06-07,-5.0,55.5,49.2,76.4,56.9,24,7 hrs,CYBER,3,False,66.8,51.1,1,59.1
SJC2601808,May 18 2026,59.5,74.1,57.6,74.5,75.7,21,  8.2 , CSBS ,Third,1,27.1,78.8,2,54.6
SJC2601304,14/05/2026,87.5,49.6,58.1,73.6,66.1,21,13.4,aml,2,Y,,60.3,2,76.1
SJC2601081,18/05/2026,73.5,65.5,71.3,83.8,69.8,21,6,C.S.E,Second,no,74.6,66.2,1,70.5
SJC2601987,31/05/2026,69.5,53.2,61.1,72.8,70.5,24,  11.8 ,CYBER,3,TRUE,74.0,66.0,3,71.1
SJC2600259,May 28 2026,78.2,52.9,69.2,80.7,,20,11 hrs, ADS ,Second,N,77.8,57.7,0,75.8
SJC2601089,Jun 11 2026,69.4,40.0,58.2,80.0,48.2,20,  11.0 ,aml,II,FALSE,76.4,57.3,1,58.3
SJC2601865,Jun 03 2026,92.1,54.5,60.7,54.1,65.5,20,4 hrs,CYBER,II,Y,76.1,68.1,4,69.6
SJC2600159,18/05/2026,80.9,,44.0,76.0,60.5,21,10.1,A.D.S,II,Yes,,39.1,1,49.7
SJC2601230,21/05/2026,59.0,,999.0,62.8,68.0,21,10,C.S.E,II,False,69.3,55.3,1,49.8
SJC2600378,20/05/2026,67.8,73.3,78.8,82.8,73.6,22,7 hrs,Cyber,2,FALSE,75.4,63.5,3,82.6
SJC2601817,Jun 09 2026,,37.1,47.0,70.3,57.1,18,twelve, AML ,Second,False,76.2,49.5,3,45.6
SJC2600062,May 07 2026,87.4,,44.4,48.7,68.8,21,8.4,CSBS,2,No,85.9,35.8,1,59.4
SJC2602492,Jun 10 2026,88.8,53.4,49.0,59.8,61.2,21,8 hrs,ADS,2,0,58.5,68.7,3,59.7
SJC2601229,2026-05-08,74.2,58.0,66.1,70.9,65.5,22,  8.1 ,ads,Second,Y,50.8,66.4,0,62.6
SJC2601223,2026-05-11,78.9,84.4,77.8,70.9,71.2,22,  5.1 ,CSBS,3rd,No,75.8,72.8,3,76.6
SJC2601460,2026-06-01,67.5,55.6,50.4,58.9,63.2,24,14,cse,II,False,69.0,61.0,0,61.9
SJC2602393,2026-05-20,72.5,68.4,80.3,70.6,80.3,20,10 hrs,CSE,Third,yes,84.9,77.2,0,76.7
SJC2602155,Jun 06 2026,63.2,,72.4,47.0,59.7,21,  6.3 , IT ,2,Y,73.3,57.0,4,52.4
SJC2600371,27/05/2026,,80.1,82.5,9999.0,94.8,24,16,CYBER,2,yes,62.3,90.2,0,97.9
SJC2601398,2026-05-13,86.2,70.2,52.5,72.7,62.3,18,5.9,C.S.B.S,III,N,68.1,51.6,1,61.8
SJC2600252,2026-06-14,52.9,49.6,66.4,63.9,58.2,20,  9.5 ,AML,III,N,74.5,68.7,3,60.8
SJC2601892,29/05/2026,86.5,46.8,64.9,74.6,57.8,20,ten,ADS,2,FALSE,81.3,41.9,3,47.3
SJC2600217,Jun 11 2026,,61.7,85.8,69.1,73.6,22,8,I.T,3rd,0,49.3,71.6,0,60.6
SJC2601840,16/05/2026,63.9,67.4,54.0,69.8,71.3,20,six,ads,3rd,No,70.5,57.2,4,57.4
SJC2600563,May 03 2026,89.9,58.9,63.4,76.9,88.8,22,  9.7 ,ADS,2,0,73.2,66.0,0,93.8
SJC2600008,Jun 03 2026,78.0,75.2,63.7,64.6,74.9,22,7.1, ADS ,II,FALSE,70.1,77.6,1,71.0
SJC2601449,Jun 04 2026,66.2,48.5,59.0,59.4,66.1,20,  6.3 ,ADS,3,Yes,53.3,52.5,3,46.4
SJC2600870,31/05/2026,68.3,83.9,75.8,57.7,77.9,18,4 hrs,IT,II,0,70.4,81.6,0,67.0
SJC2600738,23/05/2026,91.4,52.3,54.8,60.5,67.1,18,9 hrs,it,2nd,Yes,93.9,53.8,3,68.7
SJC2601648,May 10 2026,93.2,43.7,45.1,94.1,56.7,21,14.3,AML,II,yes,49.2,39.7,1,72.5
SJC2600353,2026-05-09,999.0,54.1,61.1,59.3,64.9,21,5,cse,Second,FALSE,84.5,68.9,1,72.6
SJC2601833,15/05/2026,99.6,58.1,57.8,88.8,67.3,20,6.9,CSBS,II,N,76.7,66.7,0,92.1
SJC2602278,2026-05-22,82.7,46.5,52.2,84.0,62.0,22,9.8,C.S.B.S,II,yes,77.6,38.7,0,89.0
SJC2601038,Jun 09 2026,88.5,33.3,21.3,76.0,,22,ten, IT ,2nd,yes,52.0,33.1,1,44.0
SJC2600011,12/06/2026,70.8,59.3,47.3,92.4,52.3,21,13,ADS,Third,N,64.7,52.9,1,74.3
SJC2600672,May 28 2026,,72.8,76.2,70.8,69.7,24,10 hrs,C.S.B.S,Third,Yes,54.7,,2,81.0
SJC2602495,Jun 06 2026,65.4,,69.5,53.2,49.2,20,  13.9 , IT ,Second,1,71.3,60.5,1,71.5
SJC2602098,2026-05-20,89.4,36.3,44.3,73.3,48.3,22,three,ads,2nd,FALSE,76.1,53.9,3,53.1
SJC2600656,May 24 2026,68.4,,55.3,73.6,76.8,21,  14.6 ,csbs,2nd,0,89.8,68.8,2,73.1
SJC2601793,02/06/2026,78.5,86.2,88.7,79.0,,20,4,CYBER,II,False,82.4,82.4,2,84.0
SJC2600132,May 21 2026,83.5,56.6,41.7,69.1,70.5,21,9 hrs,cse,2nd,True,63.9,74.5,4,63.7
SJC2601900,May 22 2026,,58.2,66.6,61.1,88.2,22,fourteen, AML ,2,TRUE,73.9,72.3,2,85.3
SJC2600294,2026-06-14,79.5,60.2,45.6,88.3,55.9,20,five,it,2,yes,73.2,54.1,0,58.4
SJC2602350,09/06/2026,87.4,75.1,63.1,76.1,69.1,20,8,CYBER,2,N,90.4,82.8,1,72.9
SJC2600014,May 19 2026,89.7,44.7,49.9,71.3,68.6,24,10.6,IT,II,TRUE,94.4,,4,76.5
SJC2600874,28/05/2026,83.9,69.4,61.7,74.4,65.4,22,  9.6 , ADS ,3,no,53.4,62.4,1,65.6
SJC2600977,29/05/2026,81.8,48.5,-1.0,64.8,60.9,21,16 hrs,CYBER,2,FALSE,56.9,73.6,1,62.8
SJC2600630,07/06/2026,75.8,49.3,51.8,71.4,38.8,20,4.8,C.S.E,III,yes,76.1,42.3,4,56.0
SJC2601348,Jun 11 2026,81.0,61.1,54.2,100.0,65.3,18,4 hrs,C.S.E,Second,no,59.5,64.8,0,74.3
SJC2600273,2026-05-22,74.4,34.5,56.3,92.2,58.6,20,8 hrs,I.T,2,yes,55.2,63.9,0,36.7
SJC2600516,2026-06-02,94.6,73.2,58.9,60.0,72.1,21,10 hrs,A.M.L,II,Y,67.1,64.5,0,72.0
SJC2600536,14/06/2026,84.4,89.6,85.3,71.3,93.0,24,ten,cse,2nd,Yes,55.5,95.1,3,88.7
SJC2600534,05/06/2026,100.0,58.0,71.7,91.6,55.7,22,2 hrs,I.T,2nd,no,75.9,60.6,1,59.1
SJC2602068,19/05/2026,52.7,41.3,58.8,76.1,57.3,18,thirteen,CSE,2nd,No,60.7,61.6,2,49.2
SJC2600101,01/06/2026,72.2,69.3,64.4,74.6,81.0,20,4,ads,Second,N,49.3,71.1,3,54.7
SJC2601346,20/05/2026,,67.1,50.4,64.6,65.8,24,13.5,cyber,Second,Y,,65.3,3,66.6
SJC2600816,May 29 2026,70.7,59.9,76.1,76.0,,20,thirteen,CSE,III,N,86.1,66.6,3,82.1
SJC2600909,May 22 2026,68.7,72.8,67.7,63.8,71.2,22,12.7,A.M.L,Second,0,70.1,66.9,1,62.0
SJC2602021,Jun 15 2026,85.2,90.5,69.2,60.8,74.3,20,12 hrs, CSE ,II,True,82.6,75.4,3,88.5
SJC2601294,12/05/2026,95.6,50.4,64.5,78.1,70.6,20,13.4, IT ,II,False,81.2,58.3,1,83.1
SJC2601982,22/05/2026,98.5,46.3,60.0,71.8,64.9,20,10 hrs,cyber,II,1,65.2,60.5,3,68.3
SJC2600501,2026-05-31,77.4,56.8,62.6,61.9,84.7,20,5,IT,2nd,1,99.7,,4,75.0
SJC2600048,09/05/2026,76.9,42.8,60.8,75.2,,20,  8.2 , Cyber ,Second,Yes,65.4,53.9,1,50.2
SJC2600512,25/05/2026,,77.0,56.8,70.1,98.0,22,9.9,cyber,3rd,False,75.7,73.8,0,60.3
SJC2600751,10/06/2026,86.1,82.6,76.9,74.9,86.3,21,eleven,aml,3rd,True,54.0,80.3,0,86.5
SJC2601094,May 10 2026,70.7,78.1,68.4,55.0,,21,  8.6 ,ADS,II,0,86.6,67.9,2,81.2
SJC2601548,2026-06-14,66.7,67.5,50.7,57.7,54.1,21,15.5,cse,2,Y,78.6,41.2,2,72.0
SJC2602269,2026-06-12,,61.8,76.2,63.8,93.8,21,11.2,aml,Second,1,69.1,85.4,1,88.6
SJC2600324,May 12 2026,81.6,,69.8,77.3,87.2,20,12 hrs,CSBS,II,TRUE,82.1,80.7,3,93.2
SJC2601452,2026-05-06,73.1,56.4,57.4,-30.0,78.3,21,  7.7 ,cyber,3rd,True,76.3,53.6,0,65.2
SJC2601584,2026-05-07,,50.8,47.1,51.6,69.7,22,  11.4 ,A.M.L,2,Y,98.2,,4,68.7
SJC2601925,2026-05-31,66.4,78.7,79.2,68.5,89.8,20,12.0, CSE ,2nd,1,64.4,66.4,4,89.4
SJC2600550,2026-06-01,87.0,32.9,43.9,42.3,62.2,20,  2.7 , AML ,2,True,78.1,,1,43.4
SJC2601559,May 27 2026,70.9,75.6,63.8,68.3,79.5,20,  9.7 ,csbs,3rd,Y,62.8,73.8,4,65.5
SJC2600834,Jun 04 2026,-5.0,63.5,59.6,70.9,76.6,22,4.5, AML ,2nd,1,63.1,66.9,2,50.3
SJC2602259,May 28 2026,,63.4,53.4,61.2,89.4,22,9.2, Cyber ,II,False,71.1,80.3,3,60.0
SJC2601917,Jun 10 2026,,62.9,52.5,57.9,78.4,21,10,C.S.E,III,N,,,1,64.0
SJC2600902,Jun 05 2026,74.7,39.0,54.2,-30.0,38.6,20,6.8,cse,II,0,,61.6,2,39.8
SJC2600664,May 23 2026,80.2,72.4,53.3,61.0,85.0,22,8.7,csbs,2nd,0,80.1,52.7,2,49.0
SJC2600376,2026-05-15,75.8,65.7,55.5,76.7,76.4,22,  5.2 , IT ,Third,Y,60.4,63.4,4,50.8
SJC2600425,07/05/2026,100.0,56.0,69.5,73.4,77.7,21,13.4,ADS,Third,yes,69.4,58.7,3,74.8
SJC2601595,02/06/2026,73.8,61.1,43.8,80.7,74.6,24,  7.2 ,A.M.L,Second,N,65.4,50.9,4,76.1
SJC2600661,Jun 13 2026,74.3,85.7,54.2,73.9,98.0,18,16,cyber,2nd,False,75.4,69.3,3,80.9
SJC2601117,16/05/2026,92.3,58.9,-1.0,87.6,56.2,21,8,Cyber,3rd,Y,77.9,50.5,4,65.0
SJC2601735,2026-05-25,78.3,61.0,72.4,71.4,50.3,20,  5.6 ,CSE,Second,Yes,67.3,46.9,2,64.0
SJC2601312,24/05/2026,88.4,57.0,69.1,81.9,83.6,20,9.4,aml,2nd,yes,78.5,57.6,4,76.7
SJC2602292,26/05/2026,69.8,33.2,62.5,71.7,53.5,20,  9.3 , CSBS ,2nd,Y,64.3,53.9,4,26.2
SJC2601315,2026-06-07,71.8,,34.1,75.5,54.4,21,five,it,Second,FALSE,85.5,34.9,3,32.9
SJC2600666,2026-05-19,150.0,42.5,72.2,9999.0,72.5,21,5 hrs,CYBER,2,TRUE,66.4,48.6,2,33.3
SJC2602423,12/05/2026,96.9,45.3,40.5,86.7,66.7,22,twelve,AML,3,FALSE,81.1,48.0,2,81.9
SJC2600862,2026-05-13,87.9,55.1,47.4,64.3,64.6,20,15,C.S.E,II,FALSE,78.3,45.3,0,66.7
SJC2600639,May 25 2026,,40.3,59.7,65.6,74.0,20,eight, CSE ,2nd,False,73.8,51.9,1,37.1
SJC2600659,11/05/2026,73.0,70.7,54.4,86.8,58.7,24,10,cyber,3,0,74.3,72.1,4,67.1
SJC2600473,2026-05-10,69.3,55.1,69.8,9999.0,70.1,22,  19.3 ,C.S.E,Second,yes,85.7,66.9,3,85.9
SJC2601252,2026-06-06,66.4,38.5,32.1,86.7,43.3,21,8 hrs, CSBS ,3,N,79.6,51.9,0,54.4
SJC2601295,2026-05-06,90.6,68.0,44.7,77.2,,18,10 hrs,C.S.B.S,3,TRUE,87.8,67.1,2,78.5
SJC2601961,Jun 13 2026,85.4,64.1,53.9,56.6,51.3,24,12,I.T,2,True,83.0,,0,53.9
SJC2600879,2026-05-19,80.3,54.3,68.6,82.0,71.8,18,twelve,ads,II,TRUE,92.8,65.6,0,84.3
SJC2600880,25/05/2026,76.7,,56.2,79.9,76.3,18,6,CYBER,2nd,FALSE,67.0,50.8,4,55.3
SJC2600224,2026-06-07,65.6,56.6,46.6,65.5,48.5,21,7 hrs,cse,2nd,No,77.7,53.6,1,48.2
SJC2600697,2026-05-18,53.2,81.9,78.2,74.2,88.1,20,fourteen,I.T,2,1,78.6,88.6,3,90.9
SJC2600778,2026-05-02,68.0,,61.6,71.9,62.8,18,6 hrs,CSE,II,Yes,56.8,66.1,4,65.1
SJC2601467,May 10 2026,68.7,57.7,43.8,59.7,56.5,20,12 hrs,C.S.E,3rd,0,,55.0,2,55.5
SJC2601194,Jun 01 2026,86.0,75.0,67.6,55.5,76.8,20,5,aml,Second,TRUE,94.2,74.4,3,65.5
SJC2602414,07/06/2026,66.3,38.3,41.5,57.3,43.6,22,8 hrs,csbs,II,FALSE,61.4,39.4,0,43.6
SJC2600535,09/05/2026,72.3,53.8,62.4,73.6,74.7,18,fourteen, IT ,Second,TRUE,44.9,44.9,4,62.4
SJC2600040,2026-05-06,999.0,31.2,46.2,-30.0,43.1,21,  7.7 ,it,2nd,TRUE,,47.2,1,54.4
SJC2600035,2026-05-27,69.8,54.2,35.2,72.5,53.6,18,3.7,CYBER,II,no,60.5,36.9,3,37.7
SJC2602493,Jun 07 2026,100.0,64.9,49.9,82.9,56.1,20,nine,I.T,2,TRUE,85.4,,4,72.3
SJC2601854,2026-05-13,-5.0,,77.2,67.5,70.4,22,  14.4 ,cse,II,TRUE,86.9,,4,100.0
SJC2601678,May 05 2026,69.6,,64.7,64.2,75.8,21,10, CSE ,II,N,74.5,73.8,0,74.6
SJC2600362,2026-05-31,68.2,66.4,-1.0,61.2,70.3,20,  7.8 ,C.S.E,III,TRUE,73.9,61.7,2,59.5
SJC2600147,01/06/2026,71.6,,71.5,51.7,84.1,22,20.3,csbs,Second,TRUE,73.7,60.8,1,59.4
SJC2600687,07/06/2026,93.3,44.0,59.1,56.7,39.5,22,0.0,CSBS,II,yes,76.6,63.8,4,52.7
SJC2601977,May 22 2026,77.5,68.2,55.8,66.6,67.1,18,fourteen,aml,3rd,True,81.3,40.7,3,59.3
SJC2600200,20/05/2026,,50.6,58.4,75.1,92.9,20,9.8,I.T,2nd,yes,,70.5,0,65.2
SJC2601175,16/05/2026,88.0,66.5,68.8,78.3,53.2,21,  6.8 ,CSE,2,No,57.1,81.9,3,85.0
SJC2600838,28/05/2026,72.1,52.3,53.3,72.1,73.0,22,twelve,ads,II,Yes,58.7,59.8,3,68.8
SJC2602168,May 03 2026,79.6,65.2,52.5,86.5,71.4,24,eleven,csbs,Second,yes,100.0,62.9,0,67.7
SJC2602008,Jun 09 2026,75.5,94.3,85.8,95.6,84.9,18,7.7,I.T,Second,FALSE,84.5,66.0,3,94.1
SJC2600689,May 31 2026,81.0,41.7,45.8,76.2,52.2,21,9.0,ADS,2nd,No,76.1,53.9,4,66.9
SJC2601516,May 26 2026,,44.7,58.6,77.9,50.7,21,8.9,Cyber,2,Yes,62.8,44.9,2,58.4
SJC2600093,May 04 2026,70.2,60.9,62.4,86.4,68.5,20,10,A.D.S,Third,TRUE,,79.9,4,76.4
SJC2600435,Jun 10 2026,71.3,44.7,45.3,63.2,64.5,18,12.7,ads,II,False,57.1,59.3,4,61.7
SJC2600452,May 23 2026,54.3,41.6,30.9,66.1,62.9,22,7,A.D.S,2nd,FALSE,61.9,46.0,2,33.7
SJC2601587,2026-05-27,65.7,72.0,51.6,79.8,79.4,21,13.1, Cyber ,2nd,1,73.1,70.2,4,59.2
SJC2601650,May 18 2026,86.9,71.0,73.7,52.9,83.1,21,10,cse,Third,N,93.0,71.1,0,97.0
SJC2602192,24/05/2026,76.8,36.3,31.5,77.2,59.4,21,12.9,cyber,Third,No,70.5,30.4,4,55.0
SJC2600372,May 09 2026,64.2,83.0,62.0,55.4,55.5,22,11 hrs, AML ,3rd,Yes,,79.9,2,79.5
SJC2602241,2026-06-01,88.4,65.2,60.8,58.2,,21,4,Cyber,Second,Y,70.9,,4,60.7
SJC2600807,2026-05-30,65.5,75.9,73.4,86.5,73.8,18,  11.5 ,A.M.L,3rd,FALSE,80.9,71.9,1,69.8
SJC2600323,11/05/2026,74.2,62.3,79.6,74.9,,22,16.5, AML ,2nd,1,89.4,69.5,0,90.1
SJC2600085,2026-05-28,65.4,58.7,55.7,79.6,74.9,22,five,ADS,2,Y,57.5,78.0,1,66.1
SJC2601924,Jun 04 2026,52.6,78.1,76.0,66.2,75.2,21,11,ads,2nd,No,75.9,,2,70.3
SJC2600015,May 10 2026,83.8,80.3,65.5,64.1,83.1,21,17.7,ads,2,yes,,66.1,0,87.7
SJC2601897,2026-05-02,100.0,47.5,71.1,60.5,74.7,21,8 hrs, ADS ,II,N,72.0,52.7,0,62.5
SJC2600390,Jun 08 2026,74.2,56.5,61.7,57.5,61.5,22,15.7,csbs,2nd,Y,81.3,,4,80.7
SJC2601888,May 22 2026,92.2,,59.2,64.1,74.4,18,9 hrs,AML,3,no,62.6,56.7,1,67.9
SJC2600580,04/06/2026,60.1,40.0,46.1,47.1,35.0,22,5 hrs,CYBER,II,No,56.4,37.5,0,29.8
SJC2600057,Jun 09 2026,,,61.3,83.1,44.5,21,8 hrs,Cyber,2nd,No,83.2,43.4,0,46.0
SJC2601565,2026-06-14,78.3,68.4,82.7,90.6,72.8,22,7 hrs,cyber,2nd,no,73.2,68.1,0,73.9
SJC2600082,Jun 02 2026,82.5,,82.3,77.1,89.8,21,thirteen,ADS,2,Y,69.2,86.3,3,95.8
SJC2600913,08/06/2026,78.2,68.5,66.5,66.4,72.3,20,  7.1 , ADS ,II,N,65.8,62.6,4,64.1
SJC2602420,06/05/2026,,59.3,43.1,64.9,52.9,21,6 hrs, CSE ,Second,FALSE,,57.8,2,60.6
SJC2601634,04/06/2026,65.1,67.8,59.7,62.0,70.6,20,13 hrs,cse,III,TRUE,60.7,55.7,2,59.5
SJC2600127,May 23 2026,76.9,71.2,60.8,83.9,,22,10.0,IT,3rd,TRUE,,60.6,0,82.1
SJC2601260,20/05/2026,65.0,63.9,71.7,67.2,69.9,21,8,Cyber,2,FALSE,97.2,61.3,2,74.8
SJC2602124,May 27 2026,66.0,64.1,60.7,89.9,74.7,21,  4.4 ,I.T,2,True,85.2,,0,63.3
SJC2600712,2026-05-30,72.0,52.3,59.6,72.7,72.0,18,17.3, IT ,2,no,60.4,75.2,3,83.5
SJC2601843,May 27 2026,78.2,52.8,52.3,70.5,73.4,20,7, AML ,2,0,66.4,59.8,3,56.5
SJC2600716,May 15 2026,93.4,,53.5,67.3,59.8,22,  7.7 ,CSE,Second,1,72.2,38.9,3,54.4
SJC2601692,15/05/2026,79.8,32.6,60.0,79.8,63.5,18,15,A.D.S,II,Yes,55.0,61.3,0,64.7
SJC2600365,2026-05-17,,85.2,64.8,64.9,78.9,18,9 hrs,it,2nd,True,76.2,62.7,3,68.9
SJC2601365,26/05/2026,87.8,54.2,54.7,81.7,49.2,20,six,csbs,2nd,No,81.4,49.4,2,71.2
SJC2600124,2026-05-23,84.0,64.0,67.6,75.5,79.5,22,7.3,A.D.S,3,Yes,,66.8,2,81.3
SJC2602416,Jun 02 2026,75.1,49.3,58.7,91.8,54.3,18,ten,CSE,III,FALSE,64.2,46.2,1,39.1
SJC2600346,Jun 11 2026,43.5,72.0,86.1,64.7,72.0,21,  12.5 ,cse,2nd,Yes,71.5,68.5,4,61.4
SJC2601099,09/05/2026,86.0,67.4,63.8,85.6,81.5,21,16,C.S.B.S,Third,True,81.6,79.1,4,92.5
SJC2600522,2026-05-24,78.2,,50.8,62.2,73.1,20,11 hrs, CSE ,Third,1,59.1,43.1,4,62.4
SJC2602362,2026-05-16,63.7,55.8,60.3,54.6,,24,five,CSBS,Third,1,83.1,54.1,4,48.6
SJC2602455,2026-05-04,-5.0,54.9,64.2,68.2,47.5,22,  9.1 ,Cyber,II,TRUE,65.3,65.8,1,86.7
SJC2602005,May 20 2026,,53.8,999.0,92.0,69.8,20,11, Cyber ,2,0,59.8,55.0,0,78.5
SJC2602482,Jun 12 2026,81.2,68.9,66.3,68.0,67.2,18,19.7, CSE ,2nd,Yes,73.7,80.3,4,100.0
SJC2601228,2026-06-07,73.6,63.9,84.6,60.2,66.8,22,11 hrs,C.S.E,II,No,71.5,66.1,0,56.8
SJC2601928,Jun 01 2026,68.2,53.4,63.9,89.0,71.8,22,20.3,it,II,False,65.3,68.0,2,84.8
SJC2600089,2026-06-14,88.0,53.2,67.3,42.0,86.3,22,5,A.M.L,Second,1,67.2,,2,69.5
SJC2601403,03/06/2026,84.5,45.0,44.8,79.6,56.2,24,7, ADS ,2,yes,75.7,57.7,0,64.9
SJC2602389,May 30 2026,92.2,57.4,53.1,97.1,67.8,20,  10.8 ,it,2,no,60.0,63.7,2,65.0
SJC2600146,10/06/2026,58.3,59.3,67.7,51.3,77.3,21,9,A.D.S,II,N,80.8,58.1,2,52.8
SJC2602112,2026-05-10,58.6,59.8,63.6,60.3,54.4,21,  6.7 ,cyber,III,0,64.2,59.8,2,75.7
SJC2602059,2026-06-04,71.6,70.6,63.7,75.9,53.8,24,  2.6 , AML ,II,False,75.3,65.7,1,76.4
SJC2601682,Jun 05 2026,61.5,48.5,88.4,60.8,72.3,21,7.0, CSE ,2,N,56.2,73.7,0,57.1
SJC2600063,24/05/2026,150.0,47.9,52.0,88.5,57.9,20,  6.2 ,AML,Second,0,64.6,65.3,2,64.1
SJC2600472,2026-05-07,72.0,65.2,75.3,-30.0,82.9,21,14,C.S.B.S,3,1,,68.1,2,84.0
SJC2601671,May 04 2026,78.8,78.3,44.3,53.3,76.0,20,five,aml,2,1,86.0,,3,52.6
SJC2601309,May 28 2026,,57.6,40.2,81.6,68.9,22,9 hrs, CSBS ,Second,no,66.6,57.9,3,73.1
SJC2601891,02/05/2026,66.9,51.6,62.1,77.0,60.6,20,  12.3 ,csbs,III,FALSE,,47.6,2,80.0
SJC2601262,2026-06-02,75.8,54.3,47.7,58.1,,21,  10.0 ,Cyber,Second,Yes,90.1,55.8,4,70.4
SJC2601234,Jun 07 2026,81.2,,70.9,56.3,79.5,21,10,it,2nd,no,,59.8,4,64.5
SJC2602028,May 07 2026,93.0,,69.9,81.5,67.3,22,11 hrs,cse,2nd,0,81.0,52.4,4,80.6
SJC2601018,11/05/2026,91.0,59.5,54.4,88.2,52.5,21,14 hrs, ADS ,2,N,,63.1,1,84.6
SJC2600863,18/05/2026,89.3,57.3,47.0,70.3,54.7,21,2 hrs,aml,Third,N,94.4,59.7,1,63.1
SJC2601031,04/06/2026,63.7,68.5,58.7,70.4,69.2,20,  5.9 ,A.D.S,II,0,89.6,60.0,0,51.5
SJC2600572,Jun 12 2026,77.1,68.4,70.2,75.7,80.0,22,15.8,CSBS,II,N,58.7,71.2,1,88.6
SJC2600934,2026-05-05,,17.5,36.4,74.4,43.5,22,12.2,ads,Third,TRUE,83.9,23.6,3,62.9
SJC2601383,2026-06-08,82.7,56.3,66.7,73.3,72.7,22,10,I.T,3,Yes,70.5,,4,79.5
SJC2600970,20/05/2026,66.1,45.9,71.8,56.5,55.3,22,10 hrs,ADS,Second,No,77.9,46.5,1,37.9
SJC2602161,Jun 12 2026,100.0,88.2,79.8,89.6,85.5,20,eleven, IT ,Second,No,89.9,,2,95.4
SJC2600136,May 06 2026,150.0,61.1,52.1,51.0,65.7,18,eleven,ads,Second,False,95.9,59.4,2,86.7
SJC2601072,2026-06-01,64.5,76.2,61.3,77.8,83.4,22,three,cyber,III,False,55.2,63.1,0,53.8
SJC2602143,28/05/2026,85.0,88.4,90.4,78.4,85.8,20,  12.2 ,CSE,3rd,yes,94.1,74.1,2,100.0
SJC2600940,May 12 2026,76.1,56.2,56.2,64.9,55.7,20,0.0,C.S.B.S,2nd,no,65.3,,3,60.9
SJC2601618,27/05/2026,68.8,65.6,69.0,75.9,63.5,21,  5.5 , CSE ,II,N,58.6,65.6,0,54.0
SJC2600947,09/05/2026,81.9,52.8,75.1,-30.0,91.0,20,16, CSBS ,3,No,73.5,69.8,1,82.0
SJC2602246,20/05/2026,94.3,68.2,72.7,83.2,98.0,20,twelve,IT,2nd,0,83.4,70.5,0,86.5
SJC2601196,2026-06-12,71.0,59.1,52.0,80.1,53.6,21,9.8, ADS ,Second,Y,83.6,33.8,4,58.0
SJC2600986,04/06/2026,80.0,43.1,41.5,49.3,71.6,22,9.2,C.S.B.S,2nd,yes,73.2,41.2,3,45.7
SJC2601501,May 08 2026,67.6,82.1,73.4,9999.0,83.5,20,one, ADS ,2nd,True,74.0,72.2,1,79.9
SJC2601495,May 08 2026,69.0,58.5,54.0,85.7,59.1,21,  7.7 ,AML,2nd,1,62.0,70.7,2,71.5
SJC2601509,May 04 2026,78.3,66.4,65.9,77.5,60.0,24,seven, CSE ,3rd,N,65.5,75.4,4,69.3
SJC2600783,04/06/2026,87.2,58.4,61.6,66.6,86.2,21,fourteen,aml,2nd,N,70.5,60.3,4,87.0
SJC2600201,16/05/2026,79.3,66.9,68.6,61.3,66.6,20,7, AML ,II,FALSE,66.2,65.0,1,82.8
SJC2601002,Jun 14 2026,88.1,69.2,59.3,78.1,64.7,21,17 hrs, AML ,3,Yes,78.3,63.3,0,81.2
SJC2602121,11/06/2026,95.1,62.0,63.1,59.4,77.8,20,13 hrs, CSBS ,2,1,71.7,53.8,3,88.1
SJC2600744,May 28 2026,100.0,,84.6,87.1,66.9,21,1.5,cse,III,0,79.5,62.7,3,69.3
SJC2601782,2026-05-21,84.6,,54.8,62.1,57.8,22,  6.4 ,it,II,TRUE,,,4,47.2
SJC2600198,14/06/2026,74.2,32.3,62.8,84.8,,22,8,IT,2nd,Y,67.0,48.5,4,43.8
SJC2600227,14/05/2026,83.3,63.5,55.6,66.1,66.5,20,10 hrs, IT ,II,no,,68.0,1,74.6
SJC2602421,May 07 2026,86.6,36.9,47.4,52.8,66.1,21,20.1, CSBS ,2nd,no,84.4,,4,72.6
SJC2602227,May 07 2026,,41.3,38.1,83.7,56.3,21,ten,cyber,2,0,67.3,43.2,3,60.6
SJC2600230,2026-05-02,98.8,53.1,39.6,86.5,56.7,24,eight,AML,3,Yes,48.4,52.5,3,58.1
SJC2602436,2026-05-14,90.5,56.8,59.4,82.5,50.2,22,6.5,cyber,2,FALSE,91.6,59.4,2,76.0
SJC2601055,May 31 2026,-5.0,54.8,72.9,69.8,68.7,21,5 hrs, CSE ,Second,Yes,,,1,52.1
SJC2602296,28/05/2026,95.8,64.4,68.0,75.3,54.5,18,  16.6 ,CYBER,III,yes,,70.0,4,100.0
SJC2600679,May 23 2026,77.7,60.5,53.6,62.7,57.2,22,9.3,aml,2,Y,76.0,42.4,1,51.1
SJC2601397,Jun 14 2026,96.1,76.9,71.5,100.0,85.8,20,  10.9 ,C.S.B.S,2nd,yes,96.7,53.7,3,100.0
SJC2600801,May 18 2026,85.1,57.8,50.5,61.6,74.8,20,9.6,ADS,2nd,Yes,75.9,42.8,4,56.6
SJC2601024,2026-06-05,61.1,48.4,41.8,80.2,74.3,20,8.1,IT,Second,False,100.0,,1,65.1
SJC2601418,2026-06-10,60.6,59.2,56.4,65.7,79.2,18,10.6,CYBER,II,no,77.1,54.8,1,57.2
SJC2602097,May 14 2026,85.7,74.9,51.5,67.5,71.6,20,18, CSE ,Second,Y,,66.4,2,74.2
SJC2601874,2026-06-04,82.8,63.2,63.5,73.9,66.2,20,18 hrs,I.T,2,Yes,86.4,73.5,4,80.1
SJC2602498,11/05/2026,77.8,70.8,64.5,90.5,85.0,18,fourteen,it,Second,False,82.4,67.7,2,92.1
SJC2601014,May 25 2026,73.6,55.5,61.3,74.7,71.9,20,  7.6 ,cse,II,True,,55.2,1,66.7
SJC2600703,03/05/2026,71.8,67.0,67.9,70.8,61.5,21,6.8, IT ,2nd,No,,,3,73.4
SJC2600262,02/06/2026,93.8,58.6,57.1,59.1,78.2,21,ten, AML ,2nd,N,69.8,50.6,3,74.3
SJC2602319,May 30 2026,80.9,47.2,41.9,79.7,57.7,20,10 hrs,cse,2,FALSE,65.4,68.7,4,83.3
SJC2602437,16/05/2026,79.9,,51.3,64.4,70.5,22,six,CSE,3rd,yes,99.9,60.4,0,62.7
SJC2600771,May 27 2026,82.9,,57.2,48.4,87.9,20,  12.5 ,CYBER,2,TRUE,,60.3,1,81.7
SJC2600419,May 05 2026,72.7,65.8,58.1,77.4,67.6,24,two,ads,2,No,67.8,74.0,4,51.9
SJC2600719,Jun 12 2026,75.1,43.0,39.7,77.1,68.6,21,9 hrs, AML ,II,Yes,91.9,42.8,0,53.9
SJC2600667,May 18 2026,73.8,68.3,72.4,75.3,87.0,18,7,it,3rd,1,50.1,66.2,1,68.8
SJC2601015,2026-05-23,87.2,65.6,70.6,76.4,75.5,20,10 hrs,C.S.B.S,Second,False,68.5,76.9,3,79.1
SJC2601930,May 24 2026,71.2,68.7,61.4,77.8,68.6,21,7.7, IT ,2,True,77.9,,4,54.9
SJC2602485,15/05/2026,100.0,66.1,68.4,58.2,64.1,21,ten, AML ,Second,N,67.8,83.0,2,94.6
SJC2600384,2026-05-24,84.5,66.2,56.0,78.0,87.1,20,10.9,AML,II,yes,76.9,61.3,3,76.3
SJC2601473,Jun 04 2026,82.8,61.4,59.5,66.6,72.6,22,  10.7 ,cse,2nd,FALSE,74.9,74.4,1,79.8
SJC2600957,May 06 2026,78.6,65.6,38.7,66.6,56.7,21,8 hrs, IT ,II,no,67.6,50.7,4,45.1
SJC2601286,13/06/2026,70.5,61.4,73.0,71.2,74.7,21,12, ADS ,Second,Yes,92.3,46.2,0,72.4
SJC2601149,May 06 2026,88.3,62.9,64.7,67.4,72.4,24,17,ADS,2,N,67.1,49.5,3,78.1
SJC2600617,2026-06-03,80.7,50.1,63.1,74.6,70.3,18,3, ADS ,3,no,80.6,70.0,1,58.3
SJC2600911,2026-06-15,74.8,56.6,44.2,92.1,68.5,20,12,Cyber,Third,N,74.8,,3,61.3
SJC2601322,Jun 09 2026,85.4,59.6,54.2,9999.0,77.2,18,eight, IT ,2,No,81.7,60.6,1,74.5
SJC2600333,10/05/2026,68.3,66.3,69.5,83.9,61.7,20,fifteen, CSBS ,Second,no,73.2,67.6,0,98.4
SJC2600665,10/05/2026,77.6,,76.8,61.0,76.7,24,three,IT,Second,Yes,80.2,73.1,0,66.4
SJC2601045,May 05 2026,78.6,63.6,63.2,75.9,82.9,20,thirteen, CSBS ,2nd,no,78.2,65.3,4,65.2
SJC2600717,Jun 11 2026,65.9,39.3,51.0,86.8,43.5,22,4.8,CYBER,Second,Yes,89.7,49.9,2,62.2
SJC2600312,May 31 2026,68.3,,61.1,81.0,,22,14.6,AML,II,Yes,70.7,57.9,4,77.4
SJC2600922,2026-05-28,100.0,63.4,51.4,81.5,56.7,22,12.1,Cyber,3,0,97.9,,0,55.9
SJC2601614,May 27 2026,74.8,50.8,56.9,73.1,78.6,20,16, IT ,Second,False,55.7,66.5,0,78.7
SJC2601407,2026-06-13,77.2,57.2,52.7,64.4,58.2,20,10 hrs, CSE ,II,Y,58.9,,4,65.5
SJC2601122,2026-05-09,63.0,38.9,42.0,46.1,71.0,22,3.4,it,2,no,69.8,62.8,0,43.0
SJC2600702,2026-06-05,77.2,,999.0,79.9,47.7,20,  6.0 ,I.T,Second,yes,81.9,50.9,4,51.4
SJC2601486,Jun 06 2026,65.6,62.4,55.0,69.7,69.1,21,5,ADS,3,Y,68.9,61.3,1,45.2
SJC2600713,May 02 2026,83.6,70.5,58.7,81.4,81.4,20,20, Cyber ,3rd,TRUE,64.9,,1,89.9
SJC2602051,22/05/2026,83.5,51.9,45.8,73.9,55.0,20,6.9,CYBER,2,No,64.7,60.2,0,71.4
SJC2601732,07/05/2026,87.2,,54.4,74.2,54.7,21,10 hrs, ADS ,II,N,,40.7,1,54.0
SJC2600914,2026-05-02,77.4,61.5,58.3,81.6,76.9,18,eight,A.M.L,2,TRUE,84.9,60.9,1,70.4
SJC2601986,Jun 14 2026,82.4,80.4,61.0,63.8,88.0,21,six,it,III,No,,,3,54.9
SJC2600707,08/06/2026,78.7,58.3,71.8,53.4,75.1,22,  10.1 ,csbs,2nd,0,80.7,,3,61.3
SJC2600831,May 12 2026,72.2,,42.6,39.3,50.7,22,  9.5 , ADS ,2,FALSE,75.5,66.2,2,48.1
SJC2600421,06/06/2026,89.4,87.3,80.3,66.4,81.9,21,9 hrs,Cyber,3,FALSE,60.9,67.3,0,88.4
SJC2600364,2026-05-11,,62.4,45.0,79.9,65.7,20,9 hrs, ADS ,3,False,68.1,57.3,2,50.8
SJC2602027,01/06/2026,999.0,56.6,78.4,77.4,59.5,21,14 hrs, IT ,2,yes,80.4,63.7,2,86.1
SJC2602213,03/06/2026,76.8,55.6,75.3,73.9,61.4,20,three,it,2,Y,,75.8,4,55.4
SJC2601471,31/05/2026,59.9,74.2,58.3,68.5,86.2,22,eleven,C.S.B.S,2,yes,65.0,66.2,2,73.6
SJC2600087,May 04 2026,68.5,87.8,68.3,70.6,84.2,24,15 hrs,it,2,no,,55.6,2,73.6
SJC2600553,May 30 2026,75.0,67.3,59.6,67.5,68.0,18,  11.9 ,I.T,III,FALSE,76.1,56.0,3,74.8
SJC2600754,May 25 2026,91.8,72.6,47.7,66.6,,18,fourteen, CSBS ,2,Y,82.4,,1,62.7
SJC2601285,2026-05-18,,47.7,39.2,81.8,59.9,21,8.2,IT,Second,Y,90.0,38.4,3,64.7
SJC2600074,2026-06-09,71.5,58.7,30.2,73.5,57.9,21,five,C.S.E,2nd,No,55.5,,2,39.1
SJC2602060,13/06/2026,64.8,85.5,82.4,93.9,,21,9,CYBER,Second,N,83.0,85.2,4,100.0
SJC2600651,Jun 15 2026,62.1,,58.6,72.2,65.7,20,2 hrs, CSE ,Second,No,99.0,79.4,1,41.9
SJC2601596,May 12 2026,81.1,59.1,73.5,83.7,63.5,18,seven,cse,2,No,56.7,66.3,3,72.8
SJC2600398,2026-05-15,52.4,69.3,54.7,57.1,73.6,20,nine,CYBER,2,1,65.0,46.4,2,51.5
SJC2600406,30/05/2026,84.9,78.5,999.0,74.1,78.9,21,  11.5 ,cse,Third,Yes,60.4,,2,87.2
SJC2602035,31/05/2026,93.3,61.8,59.9,97.2,67.2,18,11,CSBS,Second,FALSE,90.3,58.3,2,88.8
SJC2600907,2026-05-17,76.8,52.6,61.0,74.6,54.7,22,  10.7 ,A.M.L,2nd,False,99.3,54.1,2,80.4
SJC2601936,2026-05-27,72.7,28.8,33.5,79.2,,20,  8.1 ,Cyber,III,yes,63.5,61.8,1,39.4
SJC2602328,30/05/2026,84.6,55.2,61.5,78.0,58.2,18,10.7,AML,Third,True,74.3,66.4,2,83.2
SJC2602163,2026-05-17,,73.2,84.5,93.1,76.1,20,17.0,A.D.S,Third,1,62.5,80.8,3,87.8
SJC2600645,2026-05-14,92.3,60.1,52.8,65.5,75.0,21,11,C.S.E,Third,TRUE,74.4,,1,70.7
SJC2601168,May 11 2026,62.1,52.2,56.6,93.4,58.9,21,5.2,ADS,3rd,yes,72.1,60.7,3,59.3
SJC2600436,May 06 2026,79.1,,46.9,68.7,62.9,24,zero,AML,2nd,FALSE,87.0,77.1,0,50.1
SJC2600172,2026-05-31,75.0,50.9,47.9,54.8,54.0,22,6 hrs,A.M.L,Third,yes,45.2,50.7,4,48.9
SJC2602337,2026-05-06,,71.9,55.7,68.9,,20,  9.1 ,A.M.L,Third,No,98.5,55.5,2,72.5
SJC2602148,17/05/2026,81.4,61.0,54.0,84.3,68.3,20,eleven,I.T,II,False,75.1,59.9,3,79.5
SJC2600232,09/05/2026,78.3,61.3,48.1,78.8,,18,9.1,A.D.S,2,FALSE,71.3,56.4,1,83.0
SJC2602067,Jun 15 2026,55.3,29.2,57.6,66.4,41.8,21,  12.0 , ADS ,2nd,0,34.6,49.0,3,30.4
SJC2602229,13/05/2026,90.2,64.6,57.0,53.4,79.9,18,6.7,A.M.L,2,Yes,63.2,77.2,1,60.1
SJC2600503,May 13 2026,85.6,48.2,50.4,68.1,50.0,21,7.6, ADS ,2,TRUE,74.8,59.8,1,58.2
SJC2601812,15/05/2026,67.8,52.4,44.5,61.5,68.1,21,9.5,AML,II,Yes,52.0,48.9,4,59.3
SJC2600917,Jun 10 2026,67.8,91.0,81.2,48.0,95.1,20,11 hrs,C.S.E,Second,no,77.6,70.3,3,68.4
SJC2601373,May 11 2026,89.6,71.3,78.6,57.8,86.4,22,six,AML,Third,Y,67.1,,0,81.0
SJC2602283,May 31 2026,64.5,68.9,65.8,55.0,73.6,20,4, CSBS ,III,No,58.6,,2,77.6
SJC2601803,May 29 2026,73.5,53.9,66.7,58.5,53.2,21,11.1, CSE ,3rd,No,77.2,58.8,0,65.8
SJC2600059,May 05 2026,85.5,60.1,61.0,65.9,,22,11 hrs,I.T,2nd,No,78.0,74.2,3,79.3
SJC2601458,May 14 2026,79.6,50.2,75.5,72.9,74.4,24,9 hrs,it,II,True,78.8,65.6,4,62.0
SJC2601880,09/06/2026,,63.3,62.5,100.0,,21,two,IT,II,N,64.1,59.4,4,62.8
SJC2601945,24/05/2026,99.7,48.1,49.7,72.2,56.8,20,  9.8 , ADS ,2nd,1,43.0,,0,55.1
SJC2600404,19/05/2026,89.6,32.9,36.5,69.5,35.0,20,thirteen, Cyber ,2,N,63.6,,0,71.2
SJC2601711,21/05/2026,84.1,49.5,43.4,90.2,,22,6 hrs,it,3rd,False,74.4,61.7,3,55.8
SJC2601902,May 07 2026,72.2,75.8,61.2,90.3,62.8,20,twelve,CSBS,III,TRUE,70.7,55.3,0,88.1
SJC2601572,14/05/2026,73.2,36.4,64.8,67.4,62.5,21,7.3, CSBS ,2nd,FALSE,85.0,42.5,3,40.1
SJC2600202,11/06/2026,-5.0,76.7,58.6,60.4,70.1,21,  6.0 , CSE ,III,1,74.4,51.8,4,45.0
SJC2600457,24/05/2026,59.6,,50.3,9999.0,69.8,20,6,ads,2,yes,46.7,57.4,1,47.1
SJC2600621,10/05/2026,58.2,66.9,63.5,45.1,,21,6 hrs,csbs,III,FALSE,68.3,47.7,4,58.3
SJC2602272,2026-05-19,85.9,61.9,62.9,68.6,73.3,24,  10.6 ,A.D.S,2nd,False,88.0,62.1,1,80.1
SJC2601773,Jun 07 2026,86.5,62.8,51.6,73.6,54.3,21,6.7,CYBER,Second,TRUE,82.8,44.7,4,61.3
SJC2602157,2026-06-08,93.8,54.5,63.0,70.4,68.6,18,  17.0 ,ADS,II,1,60.4,,1,78.0
SJC2602356,03/06/2026,87.5,62.4,70.2,73.4,78.0,20,4 hrs,ADS,2nd,TRUE,60.7,,3,57.4
SJC2600426,2026-05-17,85.3,65.1,65.1,61.7,,20,  13.2 ,cse,3,N,89.0,61.2,3,75.7
SJC2600064,May 07 2026,69.7,57.1,72.1,67.8,71.8,20,10,C.S.B.S,III,Yes,,62.2,4,76.6
SJC2600685,22/05/2026,90.4,81.1,74.1,49.5,63.7,20,  10.4 ,AML,2,yes,,73.2,3,67.4
SJC2601830,May 28 2026,80.4,87.1,999.0,76.8,81.7,21,15.7,AML,2,TRUE,,68.0,0,88.4
SJC2600026,2026-05-26,76.1,51.9,57.3,72.2,77.8,22,12,aml,2,TRUE,,54.8,4,79.4
SJC2601511,2026-05-11,999.0,39.2,43.7,76.9,,20,8,ads,2,Yes,79.4,42.4,4,57.3
SJC2602099,May 31 2026,68.4,60.0,69.0,58.8,54.2,18,12,it,2,yes,75.5,36.5,1,51.6
SJC2600643,2026-05-27,97.0,45.8,43.6,78.9,72.0,21,nine,CSBS,2,False,67.0,41.3,4,66.9
SJC2600313,02/05/2026,80.4,51.6,61.3,75.1,73.2,22,6.9, CSBS ,III,N,,55.9,2,65.4
SJC2602370,May 04 2026,84.7,59.3,68.1,76.1,82.0,21,15 hrs,I.T,Second,TRUE,100.0,60.8,0,85.7
SJC2602056,May 29 2026,92.3,68.3,77.7,85.8,98.0,21,  10.4 ,CSBS,2,Yes,97.1,81.7,2,100.0
SJC2601318,May 31 2026,91.6,61.9,80.8,69.5,64.4,18,  6.4 ,Cyber,2,Yes,85.5,,2,67.9
SJC2601904,01/06/2026,58.2,52.9,57.8,73.7,61.7,21,eight,cse,II,False,,43.5,4,50.3
SJC2600548,2026-05-08,69.6,69.6,53.0,43.9,,18,ten, AML ,2nd,1,76.4,55.4,0,52.8
SJC2600276,2026-05-11,67.8,72.7,65.9,64.0,70.6,22,eleven,ADS,Second,False,78.6,64.7,0,57.2
SJC2602326,May 22 2026,78.2,54.4,83.2,82.0,82.2,20,15,ADS,Second,True,64.0,74.8,1,90.4
SJC2600487,May 04 2026,-5.0,59.6,53.9,66.8,60.9,20,6 hrs, AML ,2,TRUE,72.8,58.9,2,69.5
SJC2600978,Jun 07 2026,999.0,51.7,50.2,60.6,70.2,21,  6.5 , Cyber ,II,True,83.3,64.5,4,52.6
SJC2600513,2026-06-11,88.4,52.0,65.6,99.7,51.2,20,2 hrs,AML,II,TRUE,75.2,61.5,3,65.3
SJC2600120,08/06/2026,,76.1,71.9,78.5,78.3,20,7.7,C.S.B.S,3,TRUE,,,0,76.7
SJC2600267,2026-05-17,72.6,49.0,65.2,74.7,51.2,22,8.4,cse,II,N,76.9,45.8,4,58.6
SJC2600366,2026-05-14,90.8,59.9,53.3,69.3,50.8,22,nine,cyber,2,yes,95.3,67.7,2,89.7
SJC2601036,05/05/2026,70.8,48.8,68.4,73.0,66.6,21,12 hrs,IT,Second,yes,85.8,59.8,4,74.6
SJC2601300,07/05/2026,88.1,50.1,43.0,51.7,59.2,20,  4.1 ,aml,II,Yes,80.2,62.1,3,57.2
SJC2600225,2026-05-26,73.9,45.2,68.2,62.2,56.7,21,13 hrs,cyber,2nd,FALSE,84.8,,0,58.9
SJC2601423,2026-05-12,88.6,60.4,72.9,75.8,,20,12.6, AML ,Third,Y,77.0,56.2,1,74.4
SJC2602404,2026-05-05,78.4,51.9,46.5,64.5,69.2,21,  9.8 , Cyber ,Second,No,86.3,54.2,3,74.2
SJC2601609,2026-05-19,83.6,58.6,72.7,59.2,69.7,20,  0.5 ,cyber,3rd,TRUE,84.8,,1,70.6
SJC2601339,2026-05-20,86.1,66.7,66.4,66.7,76.3,21,5.1,cse,II,False,72.6,79.9,3,69.9
SJC2600017,2026-06-02,81.4,46.2,51.7,82.1,63.9,24,  13.9 , CSE ,2,False,90.5,33.4,4,65.0
SJC2600505,13/05/2026,74.9,60.0,58.4,47.4,63.7,21,11.3,CSE,2nd,yes,68.6,55.1,1,64.5
SJC2600629,2026-05-27,96.4,65.5,48.6,72.5,80.4,20,  4.4 ,CYBER,2,Y,53.4,58.3,3,57.3
SJC2600191,28/05/2026,91.9,57.8,68.5,83.4,69.7,22,  8.2 ,IT,3,no,,57.8,0,79.4
SJC2601518,2026-05-16,86.6,60.1,52.9,82.8,84.6,21,  20.1 ,it,II,False,77.6,66.6,0,81.6
SJC2601082,Jun 08 2026,95.2,67.7,57.3,86.7,73.3,24,15,CYBER,III,0,81.6,68.2,0,65.7
SJC2600489,14/05/2026,83.7,44.8,59.7,66.9,,20,8 hrs,Cyber,2nd,True,63.8,52.8,3,57.0
SJC2602417,2026-05-23,86.3,42.3,69.3,72.5,,20,11.5,IT,II,FALSE,60.2,,2,69.4
SJC2600799,May 11 2026,83.9,44.6,32.6,58.2,82.2,21,10, CSE ,2,TRUE,80.6,55.5,0,61.3
SJC2600836,Jun 09 2026,100.0,50.3,61.6,67.9,70.0,21,seven,CSE,3,True,80.9,54.9,1,77.0
SJC2600765,02/06/2026,77.7,65.5,64.4,60.6,63.3,20,8.8,csbs,2nd,0,89.2,69.7,4,59.3
SJC2600756,2026-05-07,50.4,80.1,78.2,71.1,82.6,21,thirteen,CSBS,II,1,64.3,91.5,4,79.7
SJC2601353,2026-05-07,66.3,60.1,42.9,69.7,62.6,20,11.6, ADS ,2,yes,59.0,57.8,1,43.7
SJC2600189,May 14 2026,81.4,61.7,53.1,49.0,64.0,21,four,CYBER,3,No,92.2,,4,50.5
SJC2600524,2026-05-21,97.4,55.6,999.0,60.5,70.3,20,10.0, ADS ,II,1,74.0,69.7,3,70.1
SJC2601462,2026-05-11,70.6,35.7,49.1,77.7,66.3,21,6.6, ADS ,Second,N,84.7,53.4,4,56.6
SJC2601720,2026-05-20,82.5,29.0,49.4,69.6,48.2,21,4 hrs,aml,3rd,N,51.7,45.0,2,25.5
SJC2600628,2026-06-10,72.1,40.5,57.5,69.6,71.9,21,fourteen,A.D.S,Second,N,73.7,70.8,1,76.0
SJC2602402,May 26 2026,72.3,43.8,69.4,66.2,67.8,22,8,A.D.S,2,False,72.7,48.7,2,61.5
SJC2601750,May 18 2026,60.9,,47.8,82.0,74.8,21,14,I.T,2,False,63.5,50.6,3,68.8
SJC2601668,14/05/2026,81.2,65.3,70.7,77.0,70.6,24,ten,CSBS,2nd,N,90.4,62.6,1,93.9
SJC2600828,2026-05-05,90.0,60.7,60.9,-30.0,58.7,21,twelve,C.S.E,III,no,59.0,,2,85.2
SJC2600796,2026-05-08,94.2,49.8,54.5,61.8,61.4,22,  15.6 ,IT,II,1,68.7,,0,71.9
SJC2600458,06/05/2026,87.8,,52.4,65.2,65.2,22,8,it,II,False,77.0,57.7,2,66.0
SJC2601520,2026-05-15,91.2,62.2,70.9,71.9,68.3,21,  9.3 , AML ,2nd,no,71.6,73.8,0,80.3
SJC2601001,2026-05-21,90.4,56.6,58.4,82.3,75.0,24,nine,cyber,III,False,64.5,52.6,0,64.7
SJC2600337,2026-05-02,85.4,,51.9,58.6,69.6,20,8 hrs, IT ,3rd,TRUE,52.9,64.1,0,52.9
SJC2601752,19/05/2026,94.7,,51.0,59.8,62.5,22,eleven, CSBS ,II,0,77.6,46.5,0,59.2
SJC2601586,28/05/2026,88.0,67.5,86.5,77.1,80.6,20,six,ads,2,TRUE,94.0,69.9,1,97.7
SJC2600597,10/05/2026,79.2,55.0,37.3,79.2,57.9,18,9.1, ADS ,II,TRUE,85.9,35.5,1,57.2
SJC2601246,2026-05-20,77.2,58.8,41.4,82.5,58.1,21,  11.7 , ADS ,2nd,yes,80.4,57.5,4,78.9
SJC2601550,2026-05-12,,,60.6,74.8,77.0,22,14.7,CSBS,2nd,yes,74.2,53.4,3,80.9
SJC2602184,May 25 2026,81.6,67.2,71.2,61.7,83.7,20,3 hrs, ADS ,II,TRUE,64.1,57.5,3,63.6
SJC2600529,May 18 2026,83.5,,76.3,90.0,78.4,21,  8.1 , ADS ,2nd,FALSE,66.1,78.3,4,89.9
SJC2600564,2026-05-16,,36.6,55.7,89.4,69.3,21,6, CSE ,Third,Y,76.8,63.8,1,60.7
SJC2602424,22/05/2026,73.7,54.3,41.9,64.8,,22,  7.8 ,Cyber,II,TRUE,88.5,30.8,4,55.1
SJC2602410,2026-05-03,67.4,64.5,75.9,64.3,,22,four,CYBER,2,FALSE,77.6,51.5,0,62.4
SJC2600571,May 22 2026,,71.2,40.9,100.0,74.9,20,six,cse,Second,0,50.8,52.2,1,39.1
SJC2600537,2026-05-18,150.0,,53.9,75.7,62.9,18,eleven,cyber,Third,no,65.4,48.1,3,73.4
SJC2601049,30/05/2026,-5.0,69.9,56.2,90.3,73.3,20,6 hrs,I.T,2,0,92.6,53.2,3,69.1
SJC2600466,May 05 2026,81.5,55.7,47.3,59.0,48.8,22,twelve,Cyber,2,True,50.4,61.2,2,74.1
SJC2602422,2026-05-05,79.3,52.2,74.4,85.5,66.8,21,nine, AML ,2nd,No,67.6,59.2,0,45.5
SJC2600813,May 28 2026,74.7,60.8,64.6,50.2,51.1,20,11,csbs,3,Y,,65.7,1,70.6
SJC2601113,06/05/2026,92.7,68.9,77.0,88.2,81.9,21,  9.3 ,aml,II,TRUE,,65.1,4,88.9
SJC2601831,May 27 2026,100.0,43.5,27.2,81.9,,18,nine,A.M.L,2,0,94.8,50.6,4,54.3
SJC2600308,May 28 2026,80.0,53.4,53.8,66.4,61.7,21,seven,aml,2nd,0,70.1,64.4,3,71.3
SJC2602228,Jun 05 2026,80.8,66.8,51.2,75.9,72.2,22,eleven,aml,2nd,N,82.8,52.4,1,79.0
SJC2600933,Jun 05 2026,67.8,59.2,57.7,81.9,58.1,18,17 hrs,cse,2nd,0,72.3,52.2,0,74.9
SJC2601562,2026-05-10,49.7,76.4,70.3,-30.0,69.4,21,8.2,AML,III,False,44.7,64.7,3,62.5
SJC2602248,Jun 01 2026,72.9,,71.7,70.6,88.9,21,5.5,CYBER,Third,FALSE,55.6,63.8,2,71.1
SJC2600295,2026-05-22,88.4,55.2,55.4,58.3,56.8,18,  3.4 ,AML,Second,FALSE,76.7,64.2,3,59.0
SJC2602212,Jun 10 2026,94.7,45.4,53.8,-30.0,65.1,21,11.2,CSE,Third,Y,63.1,,2,57.9
SJC2600322,May 22 2026,83.1,43.8,49.9,85.3,54.8,24,11, Cyber ,3rd,True,69.4,,1,66.1
SJC2601393,20/05/2026,73.7,69.2,71.1,59.7,77.5,20,six,CSE,II,1,56.6,71.4,3,65.9
SJC2602092,19/05/2026,100.0,55.9,33.2,61.9,62.7,20,6.1, IT ,3rd,no,71.7,69.6,1,56.6
SJC2601599,2026-05-29,90.2,53.7,62.1,73.1,85.4,20,6 hrs,ADS,3,Y,73.1,67.4,1,59.0
SJC2600598,Jun 02 2026,74.5,,64.0,82.9,68.0,21,4 hrs,C.S.B.S,Second,False,99.9,55.7,2,63.0
SJC2600594,2026-06-04,95.6,67.4,65.0,61.6,83.4,20,fifteen,CYBER,II,False,74.0,49.6,1,80.8
SJC2602396,May 11 2026,69.8,61.7,50.3,76.0,66.8,21,  9.3 , CSE ,2nd,0,71.6,49.9,1,63.4
SJC2602018,May 09 2026,83.4,,61.9,89.1,62.4,20,6 hrs,Cyber,Second,N,87.4,,3,85.2
SJC2600083,Jun 10 2026,88.9,60.7,64.3,54.3,77.3,20,9 hrs,CSE,II,0,65.9,68.2,3,78.1
SJC2601103,06/05/2026,78.9,49.3,73.1,62.8,61.5,24,0 hrs,ads,Third,Y,79.2,57.9,4,46.2
SJC2601963,2026-06-13,81.5,48.9,54.0,88.8,70.6,18,  12.5 ,csbs,Second,No,90.3,51.2,2,86.9
SJC2600777,2026-06-07,73.3,74.9,52.1,66.7,78.9,21,six,A.D.S,2nd,Yes,74.6,65.4,0,64.4
SJC2602113,2026-05-16,66.5,47.4,57.6,88.0,75.9,24,  11.4 ,cse,Third,TRUE,53.8,52.2,4,61.2
SJC2601019,2026-06-14,80.8,69.7,65.1,74.5,69.2,20,16,CSE,2,No,78.2,48.1,1,80.2
SJC2602320,2026-05-20,76.5,,65.9,92.8,58.5,21,  10.1 ,C.S.B.S,Second,No,55.5,61.8,2,74.4
SJC2601983,11/06/2026,100.0,69.5,88.2,80.2,78.2,18,  5.1 ,C.S.E,2,no,,74.0,4,85.3
SJC2600143,2026-05-04,64.6,39.1,33.0,58.2,43.3,20,12 hrs,A.D.S,II,N,87.7,48.9,2,36.4
SJC2601835,2026-06-08,69.4,88.9,-1.0,93.0,81.1,22,12, CSBS ,3rd,N,70.5,89.6,1,94.4
SJC2600657,2026-05-19,70.1,65.5,62.0,51.3,67.5,21,6.1,IT,2nd,N,72.1,54.0,1,60.2
SJC2600047,May 26 2026,82.3,64.3,45.8,75.6,69.8,24,16 hrs, CSE ,Second,yes,87.3,,0,72.3
SJC2601795,May 08 2026,100.0,72.7,72.1,80.5,61.7,22,10 hrs, Cyber ,2nd,True,80.1,60.8,2,100.0
SJC2600315,15/06/2026,78.4,48.0,42.9,60.4,58.8,20,8.3,ADS,II,False,59.3,76.0,1,52.5
SJC2600403,May 14 2026,,78.9,66.1,72.7,80.8,20,ten,IT,2nd,True,50.2,59.2,0,61.3
SJC2601669,May 20 2026,67.3,41.8,65.8,70.2,65.4,24,11, ADS ,III,True,73.7,63.2,1,55.8
SJC2601639,03/05/2026,79.8,76.3,60.3,75.4,72.1,21,4.8,ADS,III,No,75.5,48.7,3,73.9
SJC2601478,19/05/2026,,67.8,-1.0,66.1,75.6,22,11.5, IT ,2,no,58.1,69.6,4,84.9
SJC2601912,11/06/2026,94.5,57.4,57.8,66.5,57.7,20,11.6,csbs,2,yes,71.9,64.2,0,80.1
SJC2601212,2026-06-01,71.3,66.3,68.1,89.3,67.6,20,  9.3 ,I.T,Second,TRUE,,72.4,1,74.0
SJC2601020,Jun 03 2026,59.8,48.1,45.1,88.4,72.2,24,10 hrs, Cyber ,II,FALSE,71.2,54.4,2,57.8
SJC2601350,2026-06-14,79.5,100.0,68.9,77.3,84.3,21,14 hrs, Cyber ,Second,No,,83.5,2,90.0
SJC2601431,2026-05-24,92.9,46.2,59.8,48.8,60.7,21,  8.6 ,I.T,3rd,TRUE,83.7,64.8,4,63.6
SJC2600005,May 22 2026,86.4,72.9,73.3,81.6,63.2,22,  10.1 ,A.D.S,2nd,N,71.2,61.8,4,98.5
SJC2600971,2026-05-04,,57.2,62.0,69.8,,21,8 hrs,A.D.S,2,False,93.8,72.3,1,69.4
SJC2602377,07/05/2026,84.0,21.4,42.5,75.1,56.3,20,8,C.S.E,II,N,54.4,49.4,1,43.7
SJC2601053,May 25 2026,150.0,54.4,62.1,69.2,86.2,20,ten,A.D.S,II,False,65.9,46.8,0,59.0
SJC2601310,2026-05-19,-5.0,54.6,58.8,87.0,,20,  12.6 ,cse,2nd,1,73.2,79.2,1,93.6
SJC2600737,May 13 2026,81.6,76.2,73.6,53.2,73.5,20,9, Cyber ,Second,False,90.7,64.4,0,75.0
SJC2600034,Jun 01 2026,63.9,66.9,49.2,40.4,82.1,18,seven,cse,II,0,65.9,57.4,3,47.6
SJC2600210,25/05/2026,93.4,81.8,78.9,75.4,79.5,21,10 hrs, ADS ,Third,FALSE,87.1,74.9,4,88.7
SJC2600067,May 15 2026,150.0,51.9,75.2,58.2,,20,  10.9 ,Cyber,Second,0,76.3,63.2,4,46.7
SJC2602188,May 07 2026,70.2,57.7,49.4,80.0,79.4,22,10,CSE,2nd,True,78.7,55.4,2,49.0
SJC2601211,19/05/2026,72.8,58.3,62.8,73.0,76.7,21,9.1,A.M.L,2nd,no,82.2,80.5,3,80.0
SJC2601882,2026-05-25,86.8,,36.6,64.4,63.6,21,5,CSE,2nd,FALSE,94.4,58.8,3,49.5
SJC2601070,12/05/2026,69.0,73.9,72.1,73.3,51.6,20,8,ADS,Second,True,80.2,50.7,0,72.1
SJC2600915,10/06/2026,90.3,19.9,50.2,83.5,61.7,20,9.2, Cyber ,2,1,73.9,51.3,4,40.7
SJC2600018,2026-06-06,85.3,67.7,62.5,-30.0,78.7,20,  14.2 ,A.M.L,III,1,92.8,63.4,4,73.5
SJC2601662,2026-06-04,71.2,,53.5,48.4,47.2,18,10.7, CSBS ,2,False,69.0,65.6,1,49.9
SJC2602181,13/06/2026,74.7,,73.4,82.0,72.7,22,  10.4 , Cyber ,2nd,False,91.9,52.2,2,69.0
SJC2601130,04/06/2026,96.2,62.0,64.6,61.7,72.1,18,6.0, IT ,Third,yes,79.7,55.9,3,80.5
SJC2601738,18/05/2026,78.9,45.7,44.0,91.0,63.1,22,0 hrs,ADS,3,FALSE,78.8,52.1,2,59.4
SJC2600533,May 03 2026,72.4,52.3,44.5,9999.0,73.6,20,nine, CSBS ,2,No,93.5,50.6,4,65.0
SJC2601208,2026-05-15,93.7,,42.8,95.8,54.5,21,twelve, Cyber ,2,no,83.4,48.8,4,67.3
SJC2600671,25/05/2026,72.5,61.3,66.5,66.9,60.3,20,7.3,aml,2nd,True,70.4,51.9,2,60.6
SJC2600256,May 11 2026,72.9,88.5,80.8,56.9,75.3,22,14 hrs,CSBS,2nd,True,75.0,,4,72.9
SJC2600557,Jun 01 2026,73.6,49.1,49.9,100.0,,21,2, CSBS ,Second,TRUE,78.1,48.9,3,49.4
SJC2600446,24/05/2026,,53.0,56.8,69.3,61.1,21,  6.5 , AML ,Second,No,72.3,56.7,3,55.6
SJC2600818,Jun 15 2026,75.5,53.8,999.0,78.4,74.9,21,8 hrs, ADS ,II,0,98.1,71.5,4,69.8
SJC2601359,01/06/2026,79.7,57.1,60.2,62.9,64.3,18,thirteen,aml,Second,True,79.6,64.9,0,69.3
SJC2601716,May 04 2026,81.3,52.0,57.8,76.5,76.6,22,eleven,AML,2,True,64.0,57.2,4,73.6
SJC2600237,2026-05-10,66.5,70.3,73.9,97.2,65.7,20,eleven,ADS,3,True,82.8,77.5,3,96.6
SJC2600142,2026-05-28,73.1,71.3,88.5,55.3,80.3,20,  7.3 ,ads,II,no,89.5,68.8,1,70.5
SJC2602298,Jun 08 2026,96.3,74.6,79.2,73.7,75.0,18,7.1,ADS,2nd,1,98.2,73.4,2,90.8
SJC2600291,2026-05-11,79.2,56.5,56.3,92.6,65.7,21,10 hrs, Cyber ,Third,no,94.8,52.6,0,70.2
SJC2601361,2026-05-30,70.6,,42.9,83.1,50.0,20,11.7,A.M.L,Third,Y,74.9,47.4,2,61.1
SJC2602267,Jun 08 2026,92.3,54.5,63.1,56.8,54.9,22,seven,A.D.S,3,yes,92.2,48.3,1,65.1
SJC2600668,2026-05-03,45.6,55.9,49.8,63.2,71.7,21,14 hrs,CSE,Third,yes,65.8,50.4,0,66.7
SJC2601377,2026-05-04,68.6,70.0,76.8,88.4,75.4,22,  2.1 ,C.S.E,2nd,True,70.7,69.1,0,75.8
SJC2602330,May 14 2026,77.9,,54.4,83.3,55.5,22,12,ads,III,No,90.8,63.9,3,78.5
SJC2602088,May 15 2026,68.0,68.8,51.6,94.5,63.9,21,nine,A.M.L,Second,False,74.8,56.3,0,68.3
SJC2601903,14/06/2026,100.0,54.9,44.1,79.6,54.7,22,6 hrs,A.M.L,2,False,,60.7,0,79.4
SJC2602119,10/06/2026,52.0,54.8,51.1,87.6,65.4,21,  8.4 ,ads,Second,Yes,,,4,62.8
SJC2602251,11/05/2026,72.6,69.7,84.9,57.1,98.0,21,10 hrs, CSBS ,II,N,97.9,76.1,4,80.4
SJC2601544,2026-05-24,85.5,,70.4,61.1,72.3,21,11 hrs,it,3rd,Yes,95.4,58.1,3,83.9
SJC2601489,2026-05-13,61.6,46.5,79.5,48.4,72.4,22,8.6,ADS,II,1,73.1,72.3,1,49.2
SJC2600590,Jun 03 2026,100.0,74.2,66.9,51.6,61.5,18,9.3, CSE ,2nd,Y,85.8,63.1,3,79.3
SJC2600058,03/05/2026,85.8,48.8,52.6,75.0,55.4,22,5 hrs,aml,II,TRUE,49.2,44.2,3,48.7
SJC2602220,06/06/2026,64.7,,31.1,60.1,62.1,21,15 hrs,ADS,2,No,,53.3,1,63.2
SJC2601700,2026-06-07,78.9,72.7,88.7,79.6,65.7,21,8.3, ADS ,2,False,75.9,81.8,2,77.9
SJC2601107,2026-05-27,77.3,68.3,61.4,91.9,57.3,18,12 hrs,C.S.B.S,2,N,56.1,61.8,0,60.9
SJC2601098,26/05/2026,100.0,88.0,74.6,93.2,79.6,21,12,csbs,II,0,,78.9,3,98.9
SJC2602240,2026-06-01,75.5,52.9,64.1,95.1,,22,13,A.D.S,2,yes,72.3,50.6,4,81.6
SJC2602034,12/06/2026,97.2,57.3,72.9,71.1,70.1,20,13.2,cse,II,Y,86.6,56.9,3,74.0
SJC2602369,2026-05-13,79.7,71.6,58.9,49.3,60.0,22,8.3, AML ,Second,yes,64.7,58.7,1,62.7
SJC2601191,03/06/2026,,49.8,51.0,80.6,58.6,22,  7.8 ,I.T,2,TRUE,75.1,54.3,0,72.5
SJC2602173,Jun 04 2026,69.5,65.2,66.9,69.6,82.6,20,ten,csbs,II,yes,58.5,65.7,3,68.3
SJC2601866,Jun 04 2026,75.5,36.4,-1.0,53.2,62.3,22,6 hrs,IT,III,1,89.7,38.4,0,44.4
SJC2600583,13/06/2026,76.8,48.9,69.4,56.3,72.2,20,thirteen,CSE,II,Yes,83.5,64.6,0,62.2
SJC2602146,2026-06-15,76.4,39.0,32.3,78.4,50.1,20,  6.0 ,Cyber,2,False,65.7,49.2,0,56.9
SJC2602124,May 27 2026,66.0,64.1,60.7,89.9,74.7,21,  4.4 ,I.T,2,True,85.2,,0,63.3
SJC2600932,2026-05-13,61.5,,70.5,66.6,77.6,18,10 hrs,CSE,II,No,63.3,51.0,1,44.2
SJC2600024,2026-05-26,84.4,94.9,74.9,61.0,68.3,24,11.0,A.M.L,2nd,Y,72.5,70.9,0,86.4
SJC2601121,Jun 06 2026,79.3,18.8,39.3,73.9,43.3,20,8.8,CSE,3rd,N,78.0,28.5,1,45.8
SJC2602282,2026-06-09,-5.0,52.6,45.3,66.7,67.0,21,9.9,cse,Second,yes,66.7,47.5,3,54.2
SJC2601938,May 21 2026,98.1,58.4,53.6,76.3,81.4,20,8.7, IT ,III,False,62.6,69.4,3,74.9
SJC2601810,2026-05-08,63.1,71.7,48.1,88.8,78.3,21,4,ads,Second,no,43.3,51.5,2,37.7
SJC2601021,Jun 02 2026,,64.5,76.2,65.8,70.2,18,twelve,I.T,2nd,False,93.5,,2,76.7
SJC2601496,Jun 11 2026,100.0,60.2,56.2,87.1,,24,18 hrs,A.D.S,II,Y,80.1,61.3,3,94.2
SJC2601492,2026-05-10,67.6,75.5,72.9,66.4,,20,10,IT,Second,Yes,85.4,78.2,2,90.0
SJC2601690,May 14 2026,100.0,45.3,44.8,65.3,45.6,22,thirteen,ADS,II,True,65.9,59.6,2,77.8
SJC2600168,May 15 2026,76.5,41.7,43.6,65.4,54.7,22,  11.9 ,aml,Second,True,63.6,47.9,1,52.2
SJC2600755,09/06/2026,83.5,75.1,65.8,87.3,72.0,20,9.9,CSBS,2nd,False,64.5,69.1,4,83.7
SJC2601257,May 11 2026,72.3,62.3,54.0,64.6,57.5,24,  12.2 ,I.T,2nd,0,69.1,73.5,1,79.9
SJC2602372,May 16 2026,100.0,69.4,77.2,73.8,84.0,20,11.5,csbs,Second,1,100.0,74.9,2,95.9
SJC2600086,Jun 02 2026,65.8,45.1,38.7,70.5,58.1,20,16 hrs, CSBS ,III,TRUE,85.6,43.2,3,60.5
SJC2600930,06/05/2026,71.8,64.0,60.9,65.0,80.9,21,9 hrs,cyber,2,1,63.6,65.1,4,73.0
SJC2602106,2026-06-04,100.0,,39.7,87.2,55.6,21,fourteen,csbs,II,True,79.3,40.3,1,71.3
SJC2602452,May 28 2026,68.3,,47.5,65.0,,22,nine,C.S.B.S,2,No,64.8,52.6,4,55.3
SJC2601530,2026-05-05,89.1,45.5,51.0,77.0,76.2,24,twelve,A.M.L,2,N,81.5,56.5,3,84.8
SJC2600573,2026-05-25,89.4,46.7,25.0,85.8,40.1,22,13 hrs,csbs,Third,Yes,68.6,41.7,2,52.7
SJC2601679,Jun 07 2026,58.0,71.3,65.7,-30.0,74.7,20,6 hrs,Cyber,3rd,Yes,57.5,57.7,1,60.9
SJC2601379,May 13 2026,88.8,58.4,68.0,80.7,77.3,20,  10.8 ,csbs,2nd,yes,75.7,76.6,0,83.4
SJC2600904,18/05/2026,89.1,62.5,49.9,76.8,80.4,18,11.3,I.T,2,N,80.2,55.4,3,68.5
SJC2600626,2026-06-02,92.9,61.7,55.0,68.0,71.8,21,12.0,csbs,2,False,78.5,54.6,2,72.0
SJC2601090,Jun 07 2026,62.9,,57.3,64.9,,22,two,I.T,II,FALSE,77.5,61.1,0,61.4
SJC2600942,May 10 2026,77.1,65.1,54.1,63.8,61.0,20,13.9, ADS ,Second,TRUE,,49.6,3,74.4
SJC2602432,Jun 01 2026,,75.5,64.7,73.3,78.2,22,10,C.S.E,Second,N,53.7,69.7,1,69.3
SJC2600985,16/05/2026,86.2,55.0,42.1,66.0,45.5,22,8,C.S.B.S,Third,No,77.3,49.8,2,46.6
SJC2601444,May 07 2026,94.8,59.4,63.2,82.0,80.3,20,fourteen,ADS,Second,1,62.7,42.6,1,90.7
SJC2601306,2026-05-03,59.9,83.0,57.8,81.2,69.9,21,  13.1 ,cyber,2,1,80.8,69.5,2,63.2
SJC2602427,06/05/2026,97.2,,64.4,69.2,98.0,18,  9.4 ,C.S.E,2nd,TRUE,98.3,74.3,3,93.7
SJC2601538,May 21 2026,86.5,,72.9,66.3,88.2,20,9 hrs,csbs,II,True,56.9,81.5,2,89.3
SJC2600655,20/05/2026,75.3,84.0,72.0,70.4,79.8,22,thirteen,ads,Second,yes,74.2,88.7,2,100.0
SJC2602208,03/05/2026,95.1,63.3,41.7,62.1,63.7,20,5, CSBS ,2,Y,75.1,65.7,4,60.6
SJC2602107,May 15 2026,55.1,86.3,67.0,67.5,89.1,21,4,C.S.B.S,II,FALSE,71.4,61.1,1,54.3
SJC2600148,2026-05-22,100.0,42.5,45.8,68.0,43.0,24,9 hrs,it,Second,0,77.7,61.4,1,79.5
SJC2600174,Jun 11 2026,75.6,47.1,45.5,73.6,,21,eight, ADS ,3,yes,84.0,52.7,1,62.1
SJC2602136,May 29 2026,,76.8,67.2,93.4,83.6,20,  8.0 , AML ,2,False,42.0,75.2,1,64.4
SJC2601440,01/06/2026,100.0,93.0,91.6,91.2,98.0,22,11,AML,2,N,61.9,73.6,4,98.7
SJC2601029,2026-06-02,150.0,54.9,-1.0,66.4,81.9,20,  13.0 , AML ,2,TRUE,56.3,61.1,2,76.1
SJC2600954,2026-05-30,,54.2,62.5,53.5,65.3,18,eight,A.D.S,III,TRUE,99.0,51.5,4,70.6
SJC2600265,May 24 2026,,69.1,85.1,92.0,56.1,24,eleven,aml,Second,yes,62.1,73.3,0,86.6
SJC2600066,18/05/2026,57.3,73.9,54.0,66.6,62.7,20,4.0, ADS ,2nd,N,75.2,51.7,1,33.7
SJC2600209,May 27 2026,78.1,52.5,52.3,78.1,65.7,22,  4.2 ,AML,3rd,1,72.7,49.1,4,42.9
SJC2601759,2026-05-02,58.4,72.7,59.1,72.7,54.9,20,  15.0 , CSBS ,Second,1,61.8,55.3,4,58.2
SJC2602345,Jun 11 2026,73.3,,63.1,78.9,,22,10, CSBS ,2,no,67.0,70.3,0,93.4
SJC2601116,May 04 2026,77.5,63.1,55.3,74.5,70.7,20,6 hrs,I.T,2,N,84.6,54.5,1,69.0
SJC2602204,05/05/2026,89.1,59.4,56.8,-30.0,59.9,20,eleven,cse,II,TRUE,67.2,,0,56.9
SJC2602045,26/05/2026,81.1,72.6,75.1,86.6,75.4,21,6.6,CYBER,2nd,FALSE,,69.6,4,80.4
SJC2602230,05/05/2026,77.9,58.2,78.3,82.5,62.3,20,7.1,cyber,Second,no,68.2,56.7,2,63.2
SJC2601685,May 23 2026,92.3,57.1,61.5,77.3,,20,6, ADS ,Second,Yes,85.7,51.8,2,69.0
SJC2601367,Jun 14 2026,86.2,67.9,65.6,66.4,80.0,24,twelve,ADS,Third,yes,74.9,58.5,1,64.5
SJC2600931,2026-06-06,150.0,65.0,54.7,63.2,69.7,22,12,AML,3,no,58.7,47.8,2,53.5
SJC2601673,03/06/2026,89.7,23.3,41.8,78.5,55.5,20,7,IT,II,0,75.7,43.4,1,56.0
SJC2601343,2026-06-14,85.5,49.7,62.9,80.6,58.1,18,13 hrs, AML ,2nd,TRUE,55.7,83.9,2,78.2
SJC2600969,May 13 2026,81.7,60.6,61.0,-30.0,73.6,21,11 hrs, AML ,2,N,,52.4,0,75.5
SJC2602365,12/06/2026,71.9,,999.0,81.6,69.0,21,7.4,CSBS,2nd,Y,73.5,72.6,1,64.3
SJC2600158,24/05/2026,94.1,,41.5,76.1,68.0,20,  9.4 ,IT,2nd,0,63.2,,4,69.6
SJC2602253,May 30 2026,78.4,67.7,999.0,69.0,93.2,24,8.9, AML ,II,N,50.2,66.1,1,68.4
SJC2601335,Jun 04 2026,70.4,63.5,79.9,81.7,64.0,20,ten,it,Second,N,100.0,63.7,2,79.7
SJC2600128,09/05/2026,100.0,73.6,59.5,72.7,69.8,20,  8.4 ,I.T,II,Y,78.6,65.2,3,92.1
SJC2601762,02/05/2026,71.5,38.2,52.6,70.4,51.0,22,eleven,ADS,III,yes,80.9,40.9,3,62.4
SJC2600090,May 05 2026,77.4,73.1,59.0,61.7,85.1,21,7.2, CSE ,II,0,,,1,63.5
SJC2600825,2026-06-02,,68.5,64.9,70.2,65.8,18,12.8, CSE ,Second,Y,73.5,,0,55.9
SJC2601632,2026-05-25,58.5,56.3,60.2,52.5,,21,  10.7 ,ADS,3rd,No,65.0,63.9,1,64.3
SJC2602218,May 02 2026,69.6,48.7,45.1,58.1,52.6,20,11 hrs,csbs,2nd,True,,43.4,3,71.2
SJC2600289,May 12 2026,77.0,66.1,65.3,67.0,,21,9,C.S.B.S,2nd,FALSE,78.9,49.6,1,69.4
SJC2601276,10/05/2026,92.9,42.4,49.8,86.3,47.2,21,5,I.T,2nd,Y,64.4,50.5,1,53.1
SJC2601806,2026-06-05,65.1,33.3,54.5,57.8,54.4,20,9,Cyber,Third,TRUE,60.0,31.2,3,26.2
SJC2602238,2026-05-15,80.5,74.4,78.6,90.7,88.0,24,13, CSE ,2nd,N,82.3,75.9,3,100.0
SJC2601560,2026-05-06,90.3,,64.2,92.0,81.8,24,12,A.M.L,II,yes,86.1,64.8,2,80.4
SJC2600867,2026-06-06,81.3,64.2,76.2,83.7,65.6,21,13.2, AML ,II,1,68.4,75.7,3,83.7
SJC2600095,Jun 07 2026,71.3,63.8,50.9,100.0,76.4,21,10 hrs,cse,Second,N,85.2,54.2,4,80.6
SJC2600459,12/06/2026,73.8,68.3,30.9,60.0,68.5,24,  13.3 , AML ,Second,True,81.1,,0,50.7
SJC2601606,05/06/2026,150.0,51.2,54.7,77.7,52.5,20,  3.4 , AML ,2,TRUE,68.5,59.0,4,51.7
SJC2600271,12/05/2026,83.6,52.6,78.0,60.7,72.3,21,ten,CSBS,III,FALSE,66.8,66.4,0,62.3
SJC2601703,09/05/2026,76.9,62.2,65.3,77.4,64.4,24,10.9,ADS,2nd,False,71.3,65.2,1,77.6
SJC2600192,2026-05-21,56.9,85.4,89.8,70.8,73.8,20,  10.4 ,CSBS,2,Y,70.3,77.8,3,93.6
SJC2601908,Jun 06 2026,74.4,79.4,80.7,72.1,93.0,21,8,csbs,Third,0,73.1,72.0,0,82.3
SJC2600433,05/05/2026,71.3,70.5,81.2,68.8,82.2,24,7.5,CSBS,Second,FALSE,54.2,79.0,4,82.4
SJC2600724,06/05/2026,70.4,38.0,61.5,76.0,71.0,22,twelve,CYBER,2,yes,73.2,53.3,2,61.2
SJC2600465,2026-05-17,65.6,67.6,67.3,66.4,67.1,22,9,CSE,Third,Yes,61.6,59.2,4,73.0
SJC2601989,10/06/2026,91.1,,67.5,74.5,80.3,22,11,cyber,2,N,66.8,55.6,2,73.7
SJC2600098,May 18 2026,95.3,80.2,57.7,88.7,89.5,21,eleven,A.M.L,3,Y,84.7,73.7,2,87.4
SJC2600592,Jun 01 2026,,82.7,48.2,70.9,61.0,20,5 hrs,AML,2,N,75.9,58.4,3,30.5
SJC2601465,May 03 2026,75.4,,55.8,74.0,59.4,20,8.6,IT,2,True,93.0,60.3,4,77.0
SJC2600105,May 12 2026,87.7,65.1,45.4,100.0,72.3,21,14 hrs, CSE ,II,0,70.4,,1,84.9
SJC2602233,Jun 05 2026,89.1,65.8,65.2,76.5,71.5,21,11 hrs,csbs,3rd,False,100.0,61.5,0,79.9
SJC2600244,2026-06-02,71.6,,53.5,79.7,56.6,18,3.8,C.S.B.S,Second,True,,58.1,1,65.4
SJC2601542,May 25 2026,,63.8,57.9,75.6,54.2,20,9 hrs,I.T,II,no,90.9,50.5,3,84.6
SJC2600842,09/06/2026,77.4,66.7,56.4,9999.0,90.6,24,11 hrs, CSE ,II,True,76.7,88.7,0,86.8
SJC2601975,10/06/2026,80.3,42.3,41.5,62.0,63.3,24,eight, CSBS ,2,no,95.2,54.7,3,65.1
SJC2602185,09/05/2026,96.2,64.5,-1.0,87.2,69.2,22,  15.7 , CSE ,3,True,96.7,52.9,0,97.8
SJC2600038,May 17 2026,,32.6,58.5,65.6,,20,ten, Cyber ,Second,Yes,90.8,53.7,1,66.1
SJC2601433,May 06 2026,66.9,49.1,39.1,72.7,50.3,20,5, CSE ,2nd,no,69.3,48.1,0,35.1
SJC2601417,11/05/2026,,57.4,67.4,61.3,,20,12.4,cyber,Second,yes,66.5,58.8,4,57.1
SJC2600468,13/05/2026,89.2,45.8,85.2,73.7,75.7,21,  6.7 ,A.M.L,Second,0,93.8,61.2,2,61.9
SJC2602133,22/05/2026,73.2,51.0,61.4,53.9,65.2,22,nine,I.T,3,TRUE,73.0,55.7,2,59.7
SJC2600725,02/06/2026,,62.6,56.9,58.2,57.3,21,6 hrs,I.T,Second,no,86.0,76.7,1,72.0
